position_x, position_y, left_button, right_button, trial, time
990.4,1032.8,0,0,0,0
990.4,1033,0,0,0,0.02
990.4,1033,0,0,0,0.04
990.4,1033,0,0,0,0.06
990.4,1033,0,0,0,0.08
990.4,1033,0,0,0,0.09999999
990.4,1033,0,0,0,0.12
990.4,1033,0,0,0,0.14
990.4,1033,0,0,0,0.16
990.4,1033,0,0,0,0.18
990.4,1033,0,0,0,0.2
990.4,1033,0,0,0,0.22
990.4,1033,0,0,0,0.24
990.4,1033,0,0,0,0.26
990.4,1033,0,0,0,0.28
990.4,1033,0,0,0,0.3
990.4,1033,0,0,0,0.32
990.4,1033,0,0,0,0.34
990.4,1033,0,0,0,0.36
990.4,1033,0,0,0,0.38
990.4,1033,0,0,0,0.4
990.4,1033,0,0,0,0.42
990.4,1033,0,0,0,0.44
990.4,1033,0,0,0,0.46
990.4,1033,0,0,0,0.48
990.4,1033,0,0,0,0.5
990.4,1033,0,0,0,0.52
990.4,1033,0,0,0,0.54
990.4,1033,0,0,0,0.56
990.4,1033,0,0,0,0.58
990.4,1033,0,0,0,0.6
990.4,1033,0,0,0,0.62
990.4,1033,0,0,0,0.64
990.4,1033,0,0,0,0.66
990.4,1033,0,0,0,0.68
990.4,1033,0,0,0,0.7
990.4,1033,0,0,0,0.72
990.4,1033,0,0,0,0.74
990.4,1033,0,0,0,0.76
990.4,1033,0,0,0,0.78
990.4,1033,0,0,0,0.8
990.4,1033,0,0,0,0.82
990.4,1033,0,0,0,0.84
990.4,1033,0,0,0,0.86
990.4,1033,0,0,0,0.88
990.4,1033,0,0,0,0.9
990.4,1033,0,0,0,0.92
990.4,1033,0,0,0,0.94
990.4,1033,0,0,0,0.96
990.4,1033,0,0,0,0.98
990.4,1033,0,0,0,1
990.4,1033,0,0,0,1.02
990.4,1033,0,0,0,1.04
990.4,1033,0,0,0,1.06
990.4,1033,0,0,0,1.08
990.4,1033,0,0,0,1.1
990.4,1033,0,0,0,1.12
990.4,1033,0,0,0,1.14
990.4,1033,0,0,0,1.16
990.4,1033,0,0,0,1.18
990.4,1033,0,0,0,1.2
990.4,1033,0,0,0,1.22
990.4,1033,0,0,0,1.24
990.4,1033,0,0,0,1.26
990.4,1033,0,0,0,1.28
990.4,1033,0,0,0,1.3
990.4,1033,0,0,0,1.32
990.4,1033,0,0,0,1.34
990.4,1033,0,0,0,1.36
990.4,1033,0,0,0,1.38
990.4,1033,0,0,0,1.4
990.4,1033,0,0,0,1.42
990.4,1033,0,0,0,1.44
990.4,1033,0,0,0,1.46
990.4,1033,0,0,0,1.48
990.4,1033,0,0,0,1.5
990.4,1033,0,0,0,1.52
990.4,1033,0,0,0,1.54
990.4,1033,0,0,0,1.56
990.4,1033,0,0,0,1.58
990.4,1033,0,0,0,1.6
990.4,1033,0,0,0,1.62
990.4,1033,0,0,0,1.64
990.4,1033,0,0,0,1.66
990.4,1033,0,0,0,1.68
990.4,1033,0,0,0,1.7
990.4,1033,0,0,0,1.72
990.4,1033,0,0,0,1.74
990.4,1033,0,0,0,1.76
990.4,1033,0,0,0,1.78
990.4,1033,0,0,0,1.8
990.4,1033,0,0,0,1.82
990.4,1033,0,0,0,1.84
990.4,1033,0,0,0,1.86
990.4,1033,0,0,0,1.88
990.4,1033,0,0,0,1.9
990.4,1033,0,0,0,1.92
990.4,1033,0,0,0,1.94
990.4,1033,0,0,0,1.96
990.4,1033,0,0,0,1.98
990.4,1033,0,0,0,2
990.4,1033,0,0,0,2.02
990.4,1033,0,0,0,2.04
990.4,1033,0,0,0,2.06
990.4,1033,0,0,0,2.08
990.4,1033,0,0,0,2.1
990.4,1033,0,0,0,2.12
990.4,1033,0,0,0,2.14
990.4,1033,0,0,0,2.16
990.4,1033,0,0,0,2.18
990.4,1033,0,0,0,2.2
990.4,1033,0,0,0,2.22
990.4,1033,0,0,0,2.24
990.4,1033,0,0,0,2.26
990.4,1033,0,0,0,2.28
990.4,1033,0,0,0,2.3
990.4,1033,0,0,0,2.32
990.4,1033,0,0,0,2.34
990.4,1033,0,0,0,2.36
990.4,1033,0,0,0,2.38
990.4,1033,0,0,0,2.4
990.4,1033,0,0,0,2.42
990.4,1033,0,0,0,2.44
990.4,1033,0,0,0,2.46
990.4,1033,0,0,0,2.48
990.4,1033,0,0,0,2.5
990.4,1033,0,0,0,2.52
990.4,1033,0,0,0,2.54
990.4,1033,0,0,0,2.56
990.4,1033,0,0,0,2.58
990.4,1033,0,0,0,2.6
990.4,1033,0,0,0,2.62
990.4,1033,0,0,0,2.64
990.4,1033,0,0,0,2.66
990.4,1033,0,0,0,2.68
990.4,1033,0,0,0,2.7
990.4,1033,0,0,0,2.72
990.4,1033,0,0,0,2.74
990.4,1033,0,0,0,2.76
990.4,1033,0,0,0,2.78
990.4,1033,0,0,0,2.8
990.4,1033,0,0,0,2.82
990.4,1033,0,0,0,2.84
990.4,1033,0,0,0,2.86
990.4,1033,0,0,0,2.88
990.4,1033,0,0,0,2.9
990.4,1033,0,0,0,2.92
990.4,1033,0,0,0,2.94
990.4,1033,0,0,0,2.96
990.4,1033,0,0,0,2.98
990.4,1033,0,0,0,3
990.4,1033,0,0,0,3.02
990.4,1033,0,0,0,3.04
990.4,1033,0,0,0,3.06
990.4,1033,0,0,0,3.08
990.4,1033,0,0,0,3.1
990.4,1033,0,0,0,3.12
990.4,1033,0,0,0,3.14
990.4,1033,0,0,0,3.16
990.4,1033,0,0,0,3.18
990.4,1033,0,0,0,3.2
990.4,1033,0,0,0,3.22
990.4,1033,0,0,0,3.24
990.4,1033,0,0,0,3.26
990.4,1033,0,0,0,3.28
990.4,1033,0,0,0,3.3
990.4,1033,0,0,0,3.32
990.4,1033,0,0,0,3.34
990.4,1033,0,0,0,3.36
990.4,1033,0,0,0,3.38
990.4,1033,0,0,0,3.4
990.4,1033,0,0,0,3.42
990.4,1033,0,0,0,3.44
990.4,1033,0,0,0,3.46
990.4,1033,0,0,0,3.48
990.4,1033,0,0,0,3.5
990.4,1033,0,0,0,3.52
990.4,1033,0,0,0,3.54
990.4,1033,0,0,0,3.56
990.4,1033,0,0,0,3.58
990.4,1033,0,0,0,3.6
990.4,1033,0,0,0,3.62
990.4,1033,0,0,0,3.64
990.4,1033,0,0,0,3.66
990.4,1033,0,0,0,3.68
990.4,1033,0,0,0,3.7
990.4,1033,0,0,0,3.72
990.4,1033,0,0,0,3.74
990.4,1033,0,0,0,3.76
990.4,1033,0,0,0,3.78
990.4,1033,0,0,0,3.8
990.4,1033,0,0,0,3.82
990.4,1033,0,0,0,3.84
990.4,1033,0,0,0,3.86
990.4,1033,0,0,0,3.88
990.4,1033,0,0,0,3.9
990.4,1033,0,0,0,3.92
990.4,1033,0,0,0,3.94
990.4,1033,0,0,0,3.96
990.4,1033,0,0,0,3.98
990.4,1033,0,0,0,4
-100,-100,-100,-100,-100,4.000989
990.4,1033,0,0,1,4.02
990.4,1033,0,0,1,4.04
990.4,1033,0,0,1,4.06
990.4,1033,0,0,1,4.08
990.4,1033,0,0,1,4.1
990.4,1033,0,0,1,4.12
990.4,1033,0,0,1,4.14
990.4,1033,0,0,1,4.16
990.4,1033,0,0,1,4.18
990.4,1033,0,0,1,4.2
990.4,1033,0,0,1,4.22
990.4,1033,0,0,1,4.24
990.4,1033,0,0,1,4.26
990.4,1033,0,0,1,4.28
990.4,1033,0,0,1,4.3
990.4,1033,0,0,1,4.32
990.4,1033,0,0,1,4.34
990.4,1033,0,0,1,4.36
990.4,1033,0,0,1,4.38
990.4,1033,0,0,1,4.4
990.4,1033,0,0,1,4.42
990.4,1033,0,0,1,4.44
990.4,1033,0,0,1,4.46
990.4,1033,0,0,1,4.48
990.4,1033,0,0,1,4.5
990.4,1033,0,0,1,4.52
990.4,1033,0,0,1,4.54
990.4,1033,0,0,1,4.56
990.4,1033,0,0,1,4.58
990.4,1033,0,0,1,4.6
990.4,1033,0,0,1,4.62
990.4,1033,0,0,1,4.64
990.4,1033,0,0,1,4.66
990.4,1033,0,0,1,4.68
990.4,1033,0,0,1,4.7
990.4,1033,0,0,1,4.72
990.4,1033,0,0,1,4.74
990.4,1033,0,0,1,4.76
990.4,1033,0,0,1,4.78
990.4,1033,0,0,1,4.8
990.4,1033,0,0,1,4.82
990.4,1033,0,0,1,4.84
990.4,1033,0,0,1,4.86
990.4,1033,0,0,1,4.88
990.4,1033,0,0,1,4.9
990.4,1033,0,0,1,4.92
990.4,1033,0,0,1,4.94
990.4,1033,0,0,1,4.96
990.4,1033,0,0,1,4.98
990.4,1033,0,0,1,5
990.4,1033,0,0,1,5.02
990.4,1033,0,0,1,5.04
990.4,1033,0,0,1,5.06
990.4,1033,0,0,1,5.08
990.4,1033,0,0,1,5.1
990.4,1033,0,0,1,5.12
990.4,1033,0,0,1,5.14
990.4,1033,0,0,1,5.16
990.4,1033,0,0,1,5.18
889.6,920.2001,0,0,1,5.2
889.6,920.2001,0,0,1,5.22
836.8,854.6001,0,0,1,5.24
627.2,570.6,0,0,1,5.26
420,296.2001,0,0,1,5.28
297.6,157.0001,0,0,1,5.3
187.2,45.0001,0,0,1,5.32
172.8,34.60007,0,0,1,5.34
172.8,34.60007,0,0,1,5.36
172.8,34.60007,0,0,1,5.38
172.8,34.60007,0,0,1,5.4
172.8,34.60007,0,0,1,5.42
172.8,34.60007,0,0,1,5.44
172.8,34.60007,0,0,1,5.46
172.8,34.60007,0,0,1,5.48
172.8,34.60007,0,0,1,5.5
172.8,34.60007,0,0,1,5.52
170.4,115.4001,0,0,1,5.54
170.4,207.4001,0,0,1,5.56
174.4,245.8001,0,0,1,5.58
174.4,245.8001,0,0,1,5.6
168,227.4001,0,0,1,5.62
156,195.4001,0,0,1,5.64
147.2,177.0001,0,0,1,5.66
147.2,174.6001,0,0,1,5.68
152.8,181.8001,0,0,1,5.7
169.6,205.0001,0,0,1,5.72
190.4,227.4001,0,0,1,5.74
206.4,243.4001,0,0,1,5.76
206.4,244.2001,0,0,1,5.78
206.4,244.2001,0,0,1,5.8
207.2,244.2001,0,0,1,5.82
208.8,244.2001,0,0,1,5.84
212.8,244.2001,0,0,1,5.86
226.4,243.4001,0,0,1,5.88
236,242.6001,0,0,1,5.9
248,242.6001,0,0,1,5.92
260.8,242.6001,0,0,1,5.94
278.4,242.6001,0,0,1,5.96
284,243.4001,0,0,1,5.98
284,243.4001,1,0,1,6
284,243.4001,1,0,1,6.02
284,243.4001,1,0,1,6.04
284,243.4001,1,0,1,6.06
284,243.4001,1,0,1,6.08
284,243.4001,1,0,1,6.1
284,243.4001,0,0,1,6.12
284,243.4001,0,0,1,6.14
284,243.4001,0,0,1,6.16
284,243.4001,0,0,1,6.18
284,243.4001,0,0,1,6.2
284,243.4001,0,0,1,6.22
284,243.4001,0,0,1,6.24
284,243.4001,0,0,1,6.26
284,243.4001,0,0,1,6.28
284,243.4001,0,0,1,6.3
284,243.4001,0,0,1,6.32
284,243.4001,0,0,1,6.34
284,243.4001,0,0,1,6.36
284,243.4001,0,0,1,6.38
284,243.4001,0,0,1,6.4
284,243.4001,0,0,1,6.42
284,243.4001,0,0,1,6.44
284,243.4001,0,0,1,6.46
284,243.4001,0,0,1,6.48
284,243.4001,0,0,1,6.5
284,243.4001,0,0,1,6.52
284,243.4001,0,0,1,6.54
284,243.4001,0,0,1,6.56
284,243.4001,0,0,1,6.58
284,243.4001,0,0,1,6.6
284,243.4001,0,0,1,6.62
284,243.4001,0,0,1,6.64
284,243.4001,0,0,1,6.66
284,243.4001,0,0,1,6.68
284,243.4001,0,0,1,6.7
284,243.4001,0,0,1,6.72
284,243.4001,0,0,1,6.74
284,243.4001,0,0,1,6.76
284,243.4001,0,0,1,6.78
284,243.4001,0,0,1,6.8
284,243.4001,0,0,1,6.82
284,243.4001,0,0,1,6.84
284,243.4001,0,0,1,6.86
284,243.4001,0,0,1,6.88
284,243.4001,0,0,1,6.9
284,243.4001,0,0,1,6.92
284,243.4001,0,0,1,6.94
284,243.4001,0,0,1,6.96
284,243.4001,0,0,1,6.98
284,243.4001,0,0,1,7
284,243.4001,0,0,1,7.02
284,243.4001,0,0,1,7.04
284,243.4001,0,0,1,7.06
284,243.4001,0,0,1,7.08
284,243.4001,0,0,1,7.1
284,243.4001,0,0,1,7.12
284,243.4001,0,0,1,7.14
284,243.4001,0,0,1,7.16
284,243.4001,0,0,1,7.18
284,243.4001,0,0,1,7.2
284,243.4001,0,0,1,7.22
284,243.4001,0,0,1,7.24
284,243.4001,0,0,1,7.26
284,243.4001,0,0,1,7.28
284,243.4001,0,0,1,7.3
284,243.4001,0,0,1,7.32
284,243.4001,0,0,1,7.34
284,243.4001,0,0,1,7.36
284,243.4001,0,0,1,7.38
284,243.4001,0,0,1,7.4
284,243.4001,0,0,1,7.42
284,243.4001,0,0,1,7.44
284,243.4001,0,0,1,7.46
284,243.4001,0,0,1,7.48
284,243.4001,0,0,1,7.5
284,243.4001,0,0,1,7.52
284,243.4001,0,0,1,7.54
284,243.4001,0,0,1,7.56
284,243.4001,0,0,1,7.58
284,243.4001,0,0,1,7.6
284,243.4001,0,0,1,7.62
284,243.4001,0,0,1,7.64
284,243.4001,0,0,1,7.66
284,243.4001,0,0,1,7.68
284,243.4001,0,0,1,7.7
284,243.4001,0,0,1,7.72
284,243.4001,0,0,1,7.74
284,243.4001,0,0,1,7.76
284,243.4001,0,0,1,7.78
284,243.4001,0,0,1,7.8
284,243.4001,0,0,1,7.82
284,243.4001,0,0,1,7.84
284,243.4001,0,0,1,7.86
284,243.4001,0,0,1,7.88
284,243.4001,0,0,1,7.9
284,243.4001,0,0,1,7.92
284,243.4001,0,0,1,7.94
284,243.4001,0,0,1,7.96
284,243.4001,0,0,1,7.98
284,243.4001,0,0,1,8
284,243.4001,0,0,1,8.02
284,243.4001,0,0,1,8.04
284,243.4001,0,0,1,8.059999
284,243.4001,0,0,1,8.08
284,243.4001,0,0,1,8.099999
284,243.4001,0,0,1,8.12
284,243.4001,0,0,1,8.139999
284,243.4001,0,0,1,8.16
284,243.4001,0,0,1,8.179999
284,243.4001,0,0,1,8.2
284,243.4001,0,0,1,8.22
284,243.4001,0,0,1,8.24
284,243.4001,0,0,1,8.26
284,243.4001,0,0,1,8.28
284,243.4001,0,0,1,8.3
284,243.4001,0,0,1,8.32
284,243.4001,0,0,1,8.34
284,243.4001,0,0,1,8.36
-200,-200,-200,-200,-200,8.36069
284,243.4001,0,0,1,8.38
284,243.4001,0,0,1,8.4
284,243.4001,0,0,1,8.42
284,243.4001,0,0,1,8.44
284,243.4001,0,0,1,8.46
284,243.4001,0,0,1,8.48
284,243.4001,0,0,1,8.5
284,243.4001,0,0,1,8.52
284,243.4001,0,0,1,8.54
284,243.4001,0,0,1,8.559999
-300,-300,-300,-300,-300,8.565559
284,243.4001,0,0,1,8.58
-400,-400,-400,-400,-400,8.599741
284,243.4001,0,0,1,8.599999
284,243.4001,0,0,1,8.62
284,243.4001,0,0,1,8.639999
284,243.4001,0,0,1,8.66
284,243.4001,0,0,1,8.679999
284,243.4001,0,0,1,8.7
284,243.4001,0,0,1,8.72
284,243.4001,0,0,1,8.74
284,243.4001,0,0,1,8.76
284,243.4001,0,0,1,8.78
284,243.4001,0,0,1,8.8
284,243.4001,0,0,1,8.82
284,243.4001,0,0,1,8.84
284,243.4001,0,0,1,8.86
284,243.4001,0,0,1,8.88
284,243.4001,0,0,1,8.9
284,243.4001,0,0,1,8.92
284,243.4001,0,0,1,8.94
284,243.4001,0,0,1,8.96
284,243.4001,0,0,1,8.98
284,243.4001,0,0,1,9
284,243.4001,0,0,1,9.02
284,243.4001,0,0,1,9.04
284,243.4001,0,0,1,9.059999
284,243.4001,0,0,1,9.08
284,243.4001,0,0,1,9.099999
284,243.4001,0,0,1,9.12
284,243.4001,0,0,1,9.139999
284,243.4001,0,0,1,9.16
284,243.4001,0,0,1,9.179999
284,243.4001,0,0,1,9.2
284,243.4001,0,0,1,9.22
284,243.4001,0,0,1,9.24
284,243.4001,0,0,1,9.26
284,243.4001,0,0,1,9.28
284,243.4001,0,0,1,9.3
284,243.4001,0,0,1,9.32
284,243.4001,0,0,1,9.34
284,243.4001,0,0,1,9.36
284,243.4001,0,0,1,9.38
284,243.4001,0,0,1,9.4
284,243.4001,0,0,1,9.42
284,243.4001,0,0,1,9.44
284,243.4001,0,0,1,9.46
284,243.4001,0,0,1,9.48
284,243.4001,0,0,1,9.5
284,243.4001,0,0,1,9.52
284,243.4001,0,0,1,9.54
284,243.4001,0,0,1,9.559999
284,243.4001,0,0,1,9.58
284,243.4001,0,0,1,9.599999
284,243.4001,0,0,1,9.62
284,243.4001,0,0,1,9.639999
284,243.4001,0,0,1,9.66
284,243.4001,0,0,1,9.679999
284,243.4001,0,0,1,9.7
284,243.4001,0,0,1,9.719999
284,243.4001,0,0,1,9.74
284,243.4001,0,0,1,9.76
284,243.4001,0,0,1,9.78
284,243.4001,0,0,1,9.8
284,243.4001,0,0,1,9.82
284,243.4001,0,0,1,9.84
284,243.4001,0,0,1,9.86
284,243.4001,0,0,1,9.88
284,243.4001,0,0,1,9.9
284,243.4001,0,0,1,9.92
284,243.4001,0,0,1,9.94
284,243.4001,0,0,1,9.96
284,243.4001,0,0,1,9.98
284,243.4001,0,0,1,10
284,243.4001,0,0,1,10.02
284,243.4001,0,0,1,10.04
284,243.4001,0,0,1,10.06
284,243.4001,0,0,1,10.08
284,243.4001,0,0,1,10.1
284,243.4001,0,0,1,10.12
284,243.4001,0,0,1,10.14
284,243.4001,0,0,1,10.16
284,243.4001,0,0,1,10.18
284,243.4001,0,0,1,10.2
284,243.4001,0,0,1,10.22
284,243.4001,0,0,1,10.24
284,243.4001,0,0,1,10.26
284,243.4001,0,0,1,10.28
284,243.4001,0,0,1,10.3
284,243.4001,0,0,1,10.32
284,243.4001,0,0,1,10.34
284,243.4001,0,0,1,10.36
284,243.4001,0,0,1,10.38
284,243.4001,0,0,1,10.4
284,243.4001,0,0,1,10.42
284,243.4001,0,0,1,10.44
284,243.4001,0,0,1,10.46
284,243.4001,0,0,1,10.48
284,243.4001,0,0,1,10.5
284,243.4001,0,0,1,10.52
284,243.4001,0,0,1,10.54
284,243.4001,0,0,1,10.56
284,243.4001,0,0,1,10.58
284,243.4001,0,0,1,10.6
284,243.4001,0,0,1,10.62
284,243.4001,0,0,1,10.64
284,243.4001,0,0,1,10.66
284,243.4001,0,0,1,10.68
284,243.4001,0,0,1,10.7
284,243.4001,0,0,1,10.72
284,243.4001,0,0,1,10.74
284,243.4001,0,0,1,10.76
284,243.4001,0,0,1,10.78
284,243.4001,0,0,1,10.8
284,243.4001,0,0,1,10.82
284,243.4001,0,0,1,10.84
284,243.4001,0,0,1,10.86
284,243.4001,0,0,1,10.88
284,243.4001,0,0,1,10.9
284,243.4001,0,0,1,10.92
284,243.4001,0,0,1,10.94
284,243.4001,0,0,1,10.96
284,243.4001,0,0,1,10.98
284,243.4001,0,0,1,11
284,243.4001,0,0,1,11.02
284,243.4001,0,0,1,11.04
284,243.4001,0,0,1,11.06
284,243.4001,0,0,1,11.08
284,243.4001,0,0,1,11.1
284,243.4001,0,0,1,11.12
284,243.4001,0,0,1,11.14
284,243.4001,0,0,1,11.16
284,243.4001,0,0,1,11.18
284,243.4001,0,0,1,11.2
284,243.4001,0,0,1,11.22
284,243.4001,0,0,1,11.24
284,243.4001,0,0,1,11.26
284,243.4001,0,0,1,11.28
284,243.4001,0,0,1,11.3
284,243.4001,0,0,1,11.32
284,243.4001,0,0,1,11.34
284,243.4001,0,0,1,11.36
284,243.4001,0,0,1,11.38
284,243.4001,0,0,1,11.4
284,243.4001,0,0,1,11.42
284,243.4001,0,0,1,11.44
284,243.4001,0,0,1,11.46
284,243.4001,0,0,1,11.48
284,243.4001,0,0,1,11.5
284,243.4001,0,0,1,11.52
284,243.4001,0,0,1,11.54
284,243.4001,0,0,1,11.56
284,243.4001,0,0,1,11.58
284,243.4001,0,0,1,11.6
284,243.4001,0,0,1,11.62
284,243.4001,0,0,1,11.64
284,243.4001,0,0,1,11.66
284,243.4001,0,0,1,11.68
284,243.4001,0,0,1,11.7
284,243.4001,0,0,1,11.72
284,243.4001,0,0,1,11.74
284,243.4001,0,0,1,11.76
284,243.4001,0,0,1,11.78
284,243.4001,0,0,1,11.8
284,243.4001,0,0,1,11.82
284,243.4001,0,0,1,11.84
284,243.4001,0,0,1,11.86
284,243.4001,0,0,1,11.88
284,243.4001,0,0,1,11.9
284,243.4001,0,0,1,11.92
284,243.4001,0,0,1,11.94
284,243.4001,0,0,1,11.96
284,243.4001,0,0,1,11.98
284,243.4001,0,0,1,12
284,243.4001,0,0,1,12.02
284,243.4001,0,0,1,12.04
284,243.4001,0,0,1,12.06
284,243.4001,0,0,1,12.08
284,243.4001,0,0,1,12.1
284,243.4001,0,0,1,12.12
284,243.4001,0,0,1,12.14
284,243.4001,0,0,1,12.16
284,243.4001,0,0,1,12.18
284,243.4001,0,0,1,12.2
284,243.4001,0,0,1,12.22
284,243.4001,0,0,1,12.24
284,243.4001,0,0,1,12.26
284,243.4001,0,0,1,12.28
284,243.4001,0,0,1,12.3
284,243.4001,0,0,1,12.32
284,243.4001,0,0,1,12.34
284,243.4001,0,0,1,12.36
284,243.4001,0,0,1,12.38
284,243.4001,0,0,1,12.4
284,243.4001,0,0,1,12.42
284,243.4001,0,0,1,12.44
284,243.4001,0,0,1,12.46
284,243.4001,0,0,1,12.48
284,243.4001,0,0,1,12.5
284,243.4001,0,0,1,12.52
284,243.4001,0,0,1,12.54
284,243.4001,0,0,1,12.56
284,243.4001,0,0,1,12.58
284,243.4001,0,0,1,12.6
-100,-100,-100,-100,-100,12.61046
284,243.4001,0,0,2,12.62
284,243.4001,0,0,2,12.64
284,243.4001,0,0,2,12.66
284,243.4001,0,0,2,12.68
284,243.4001,0,0,2,12.7
284,243.4001,0,0,2,12.72
284,243.4001,0,0,2,12.74
284,243.4001,0,0,2,12.76
284,243.4001,0,0,2,12.78
284,243.4001,0,0,2,12.8
284,243.4001,0,0,2,12.82
284,243.4001,0,0,2,12.84
284,243.4001,0,0,2,12.86
284,243.4001,0,0,2,12.88
284,243.4001,0,0,2,12.9
284,243.4001,0,0,2,12.92
284,243.4001,0,0,2,12.94
284,243.4001,0,0,2,12.96
284,243.4001,0,0,2,12.98
284,243.4001,0,0,2,13
284,243.4001,0,0,2,13.02
284,243.4001,0,0,2,13.04
284,243.4001,0,0,2,13.06
284,243.4001,0,0,2,13.08
284,243.4001,0,0,2,13.1
284,243.4001,0,0,2,13.12
284,243.4001,0,0,2,13.14
284,243.4001,0,0,2,13.16
284,243.4001,0,0,2,13.18
284,243.4001,0,0,2,13.2
284,243.4001,0,0,2,13.22
284,243.4001,0,0,2,13.24
-200,-200,-200,-200,-200,13.24927
284,243.4001,0,0,2,13.26
284,243.4001,0,0,2,13.28
284,243.4001,0,0,2,13.3
284,243.4001,0,0,2,13.32
284,243.4001,0,0,2,13.34
284,243.4001,0,0,2,13.36
284,243.4001,0,0,2,13.38
284,243.4001,0,0,2,13.4
284,243.4001,0,0,2,13.42
284,243.4001,0,0,2,13.44
284,243.4001,0,0,2,13.46
284,243.4001,0,0,2,13.48
284,243.4001,0,0,2,13.5
284,243.4001,0,0,2,13.52
284,243.4001,0,0,2,13.54
284,243.4001,0,0,2,13.56
284,243.4001,0,0,2,13.58
284,243.4001,0,0,2,13.6
284,243.4001,0,0,2,13.62
284,243.4001,0,0,2,13.64
284,243.4001,0,0,2,13.66
284,243.4001,0,0,2,13.68
284,243.4001,0,0,2,13.7
284,243.4001,0,0,2,13.72
284,243.4001,0,0,2,13.74
284,243.4001,0,0,2,13.76
284,243.4001,0,0,2,13.78
284,243.4001,0,0,2,13.8
284,243.4001,0,0,2,13.82
284,243.4001,0,0,2,13.84
284,243.4001,0,0,2,13.86
284,243.4001,0,0,2,13.88
284,243.4001,0,0,2,13.9
284,243.4001,0,0,2,13.92
284,243.4001,0,0,2,13.94
284,243.4001,0,0,2,13.96
284,243.4001,0,0,2,13.98
284,243.4001,0,0,2,14
284,243.4001,0,0,2,14.02
284,243.4001,0,0,2,14.04
284,243.4001,0,0,2,14.06
284,243.4001,0,0,2,14.08
284,243.4001,0,0,2,14.1
284,243.4001,0,0,2,14.12
284,243.4001,0,0,2,14.14
284,243.4001,0,0,2,14.16
284,243.4001,0,0,2,14.18
284,243.4001,0,0,2,14.2
284,243.4001,0,0,2,14.22
284,243.4001,0,0,2,14.24
284,243.4001,0,0,2,14.26
284,243.4001,0,0,2,14.28
284,243.4001,0,0,2,14.3
284,243.4001,0,0,2,14.32
284,243.4001,0,0,2,14.34
284,243.4001,0,0,2,14.36
284,243.4001,0,0,2,14.38
284,243.4001,0,0,2,14.4
284,243.4001,0,0,2,14.42
284,243.4001,0,0,2,14.44
284,243.4001,0,0,2,14.46
284,243.4001,0,0,2,14.48
284,243.4001,0,0,2,14.5
284,243.4001,0,0,2,14.52
284,243.4001,0,0,2,14.54
284,243.4001,0,0,2,14.56
284,243.4001,0,0,2,14.58
284,243.4001,0,0,2,14.6
284,243.4001,0,0,2,14.62
284,243.4001,0,0,2,14.64
284,243.4001,0,0,2,14.66
284,243.4001,0,0,2,14.68
284,243.4001,0,0,2,14.7
284,243.4001,0,0,2,14.72
284,243.4001,0,0,2,14.74
284,243.4001,0,0,2,14.76
284,243.4001,0,0,2,14.78
284,243.4001,0,0,2,14.8
284,243.4001,0,0,2,14.82
284,243.4001,0,0,2,14.84
284,243.4001,0,0,2,14.86
284,243.4001,0,0,2,14.88
284,243.4001,0,0,2,14.9
284,243.4001,0,0,2,14.92
284,243.4001,0,0,2,14.94
284,243.4001,0,0,2,14.96
284,243.4001,0,0,2,14.98
284,243.4001,0,0,2,15
284,243.4001,0,0,2,15.02
284,243.4001,0,0,2,15.04
284,243.4001,0,0,2,15.06
284,243.4001,0,0,2,15.08
284,243.4001,0,0,2,15.1
284,243.4001,0,0,2,15.12
284,243.4001,0,0,2,15.14
284,243.4001,0,0,2,15.16
284,243.4001,0,0,2,15.18
284,243.4001,0,0,2,15.2
284,243.4001,0,0,2,15.22
284,243.4001,0,0,2,15.24
284,243.4001,0,0,2,15.26
284,243.4001,0,0,2,15.28
284,243.4001,0,0,2,15.3
284,243.4001,0,0,2,15.32
284,243.4001,0,0,2,15.34
284,243.4001,0,0,2,15.36
284,243.4001,0,0,2,15.38
284,243.4001,0,0,2,15.4
284,243.4001,0,0,2,15.42
284,243.4001,0,0,2,15.44
284,243.4001,0,0,2,15.46
284,243.4001,0,0,2,15.48
284,243.4001,0,0,2,15.5
284,243.4001,0,0,2,15.52
284,243.4001,0,0,2,15.54
284,243.4001,0,0,2,15.56
284,243.4001,0,0,2,15.58
284,243.4001,0,0,2,15.6
284,243.4001,0,0,2,15.62
284,243.4001,0,0,2,15.64
284,243.4001,0,0,2,15.66
284,243.4001,0,0,2,15.68
284,243.4001,0,0,2,15.7
284,243.4001,0,0,2,15.72
284,243.4001,0,0,2,15.74
284,243.4001,0,0,2,15.76
284,243.4001,0,0,2,15.78
284,243.4001,0,0,2,15.8
284,243.4001,0,0,2,15.82
284,243.4001,0,0,2,15.84
284,243.4001,0,0,2,15.86
284,243.4001,0,0,2,15.88
284,243.4001,0,0,2,15.9
284,243.4001,0,0,2,15.92
284,243.4001,0,0,2,15.94
284,243.4001,0,0,2,15.96
284,243.4001,0,0,2,15.98
284,243.4001,0,0,2,16
284,243.4001,0,0,2,16.02
284,243.4001,0,0,2,16.04
284,243.4001,0,0,2,16.06
284,243.4001,0,0,2,16.08
284,243.4001,0,0,2,16.1
284,243.4001,0,0,2,16.12
284,243.4001,0,0,2,16.14
284,243.4001,0,0,2,16.16
284,243.4001,0,0,2,16.18
284,243.4001,0,0,2,16.2
284,243.4001,0,0,2,16.22
284,243.4001,0,0,2,16.24
284,243.4001,0,0,2,16.26
284,243.4001,0,0,2,16.28
284,243.4001,0,0,2,16.3
284,243.4001,0,0,2,16.32
284,243.4001,0,0,2,16.34
284,243.4001,0,0,2,16.36
284,243.4001,0,0,2,16.38
284,243.4001,0,0,2,16.4
284,243.4001,0,0,2,16.42
284,243.4001,0,0,2,16.44
284,243.4001,0,0,2,16.46
284,243.4001,0,0,2,16.48
284,243.4001,0,0,2,16.5
284,243.4001,0,0,2,16.52
284,243.4001,0,0,2,16.54
284,243.4001,0,0,2,16.56
284,243.4001,0,0,2,16.58
284,243.4001,0,0,2,16.6
284,243.4001,0,0,2,16.62
284,243.4001,0,0,2,16.64
284,243.4001,0,0,2,16.66
284,243.4001,0,0,2,16.68
284,243.4001,0,0,2,16.7
284,243.4001,0,0,2,16.72
284,243.4001,0,0,2,16.74
284,243.4001,0,0,2,16.76
284,243.4001,0,0,2,16.78
284,243.4001,0,0,2,16.8
284,243.4001,0,0,2,16.82
284,243.4001,0,0,2,16.84
284,243.4001,0,0,2,16.86
284,243.4001,0,0,2,16.88
284,243.4001,0,0,2,16.9
284,243.4001,0,0,2,16.92
284,243.4001,0,0,2,16.94
284,243.4001,0,0,2,16.96
284,243.4001,0,0,2,16.98
284,243.4001,0,0,2,17
284,243.4001,0,0,2,17.02
284,243.4001,0,0,2,17.04
284,243.4001,0,0,2,17.06
284,243.4001,0,0,2,17.08
284,243.4001,0,0,2,17.1
284,243.4001,0,0,2,17.12
284,243.4001,0,0,2,17.14
284,243.4001,0,0,2,17.16
284,243.4001,0,0,2,17.18
284,243.4001,0,0,2,17.2
284,243.4001,0,0,2,17.22
284,243.4001,0,0,2,17.24
284,243.4001,0,0,2,17.26
284,243.4001,0,0,2,17.28
284,243.4001,0,0,2,17.3
284,243.4001,0,0,2,17.32
284,243.4001,0,0,2,17.34
284,243.4001,0,0,2,17.36
284,243.4001,0,0,2,17.38
284,243.4001,0,0,2,17.4
284,243.4001,0,0,2,17.42
284,243.4001,0,0,2,17.44
284,243.4001,0,0,2,17.46
284,243.4001,0,0,2,17.48
284,243.4001,0,0,2,17.5
284,243.4001,0,0,2,17.52
-100,-100,-100,-100,-100,17.53681
284,243.4001,0,0,3,17.54
284,243.4001,0,0,3,17.56
284,243.4001,0,0,3,17.58
284,243.4001,0,0,3,17.6
284,243.4001,0,0,3,17.62
284,243.4001,0,0,3,17.64
284,243.4001,0,0,3,17.66
284,243.4001,0,0,3,17.68
284,243.4001,0,0,3,17.7
284,243.4001,0,0,3,17.72
284,243.4001,0,0,3,17.74
284,243.4001,0,0,3,17.76
284,243.4001,0,0,3,17.78
284,243.4001,0,0,3,17.8
284,243.4001,0,0,3,17.82
284,243.4001,0,0,3,17.84
284,243.4001,0,0,3,17.86
284,243.4001,0,0,3,17.88
284,243.4001,0,0,3,17.9
284,243.4001,0,0,3,17.92
284,243.4001,0,0,3,17.94
284,243.4001,0,0,3,17.96
284,243.4001,0,0,3,17.98
284,243.4001,0,0,3,18
284,243.4001,0,0,3,18.02
284,243.4001,0,0,3,18.04
284,243.4001,0,0,3,18.06
284,243.4001,0,0,3,18.08
284,243.4001,0,0,3,18.1
284,243.4001,0,0,3,18.12
284,243.4001,0,0,3,18.14
284,243.4001,0,0,3,18.16
284,243.4001,0,0,3,18.18
284,243.4001,0,0,3,18.2
284,243.4001,0,0,3,18.22
284,243.4001,0,0,3,18.24
284,243.4001,0,0,3,18.26
-200,-200,-200,-200,-200,18.27296
284,243.4001,0,0,3,18.28
284,243.4001,0,0,3,18.3
284,243.4001,0,0,3,18.32
284,243.4001,0,0,3,18.34
284,243.4001,0,0,3,18.36
284,243.4001,0,0,3,18.38
284,243.4001,0,0,3,18.4
284,243.4001,0,0,3,18.42
284,243.4001,0,0,3,18.44
284,243.4001,0,0,3,18.46
284,243.4001,0,0,3,18.48
284,243.4001,0,0,3,18.5
284,243.4001,0,0,3,18.52
284,243.4001,0,0,3,18.54
284,243.4001,0,0,3,18.56
284,243.4001,0,0,3,18.58
284,243.4001,0,0,3,18.6
284,243.4001,0,0,3,18.62
284,243.4001,0,0,3,18.64
284,243.4001,0,0,3,18.66
284,243.4001,0,0,3,18.68
284,243.4001,0,0,3,18.7
284,243.4001,0,0,3,18.72
284,243.4001,0,0,3,18.74
284,243.4001,0,0,3,18.76
284,243.4001,0,0,3,18.78
284,243.4001,0,0,3,18.8
284,243.4001,0,0,3,18.82
284,243.4001,0,0,3,18.84
284,243.4001,0,0,3,18.86
284,243.4001,0,0,3,18.88
284,243.4001,0,0,3,18.9
284,243.4001,0,0,3,18.92
284,243.4001,0,0,3,18.94
284,243.4001,0,0,3,18.96
284,243.4001,0,0,3,18.98
284,243.4001,0,0,3,19
284,243.4001,0,0,3,19.02
284,243.4001,0,0,3,19.04
284,243.4001,0,0,3,19.06
284,243.4001,0,0,3,19.08
284,243.4001,0,0,3,19.1
284,243.4001,0,0,3,19.12
284,243.4001,0,0,3,19.14
284,243.4001,0,0,3,19.16
284,243.4001,0,0,3,19.18
284,243.4001,0,0,3,19.2
284,243.4001,0,0,3,19.22
284,243.4001,0,0,3,19.24
284,243.4001,0,0,3,19.26
284,243.4001,0,0,3,19.28
284,243.4001,0,0,3,19.3
284,243.4001,0,0,3,19.32
284,243.4001,0,0,3,19.34
284,243.4001,0,0,3,19.36
284,243.4001,0,0,3,19.38
284,243.4001,0,0,3,19.4
284,243.4001,0,0,3,19.42
284,243.4001,0,0,3,19.44
284,243.4001,0,0,3,19.46
284,243.4001,0,0,3,19.48
284,243.4001,0,0,3,19.5
284,243.4001,0,0,3,19.52
284,243.4001,0,0,3,19.54
284,243.4001,0,0,3,19.56
284,243.4001,0,0,3,19.58
284,243.4001,0,0,3,19.6
284,243.4001,0,0,3,19.62
284,243.4001,0,0,3,19.64
284,243.4001,0,0,3,19.66
284,243.4001,0,0,3,19.68
284,243.4001,0,0,3,19.7
284,243.4001,0,0,3,19.72
284,243.4001,0,0,3,19.74
284,243.4001,0,0,3,19.76
284,243.4001,0,0,3,19.78
284,243.4001,0,0,3,19.8
284,243.4001,0,0,3,19.82
284,243.4001,0,0,3,19.84
284,243.4001,0,0,3,19.86
284,243.4001,0,0,3,19.88
284,243.4001,0,0,3,19.9
284,243.4001,0,0,3,19.92
284,243.4001,0,0,3,19.94
284,243.4001,0,0,3,19.96
284,243.4001,0,0,3,19.98
284,243.4001,0,0,3,20
284,243.4001,0,0,3,20.02
284,243.4001,0,0,3,20.04
284,243.4001,0,0,3,20.06
284,243.4001,0,0,3,20.08
284,243.4001,0,0,3,20.1
284,243.4001,0,0,3,20.12
284,243.4001,0,0,3,20.14
284,243.4001,0,0,3,20.16
284,243.4001,0,0,3,20.18
284,243.4001,0,0,3,20.2
284,243.4001,0,0,3,20.22
284,243.4001,0,0,3,20.24
284,243.4001,0,0,3,20.26
284,243.4001,0,0,3,20.28
284,243.4001,0,0,3,20.3
284,243.4001,0,0,3,20.32
284,243.4001,0,0,3,20.34
284,243.4001,0,0,3,20.36
284,243.4001,0,0,3,20.38
284,243.4001,0,0,3,20.4
284,243.4001,0,0,3,20.42
284,243.4001,0,0,3,20.44
284,243.4001,0,0,3,20.46
284,243.4001,0,0,3,20.48
284,243.4001,0,0,3,20.5
284,243.4001,0,0,3,20.52
284,243.4001,0,0,3,20.54
284,243.4001,0,0,3,20.56
284,243.4001,0,0,3,20.58
284,243.4001,0,0,3,20.6
284,243.4001,0,0,3,20.62
284,243.4001,0,0,3,20.64
284,243.4001,0,0,3,20.66
284,243.4001,0,0,3,20.68
284,243.4001,0,0,3,20.7
284,243.4001,0,0,3,20.72
284,243.4001,0,0,3,20.74
284,243.4001,0,0,3,20.76
284,243.4001,0,0,3,20.78
284,243.4001,0,0,3,20.8
284,243.4001,0,0,3,20.82
284,243.4001,0,0,3,20.84
284,243.4001,0,0,3,20.86
284,243.4001,0,0,3,20.88
284,243.4001,0,0,3,20.9
284,243.4001,0,0,3,20.92
284,243.4001,0,0,3,20.94
284,243.4001,0,0,3,20.96
284,243.4001,0,0,3,20.98
284,243.4001,0,0,3,21
284,243.4001,0,0,3,21.02
284,243.4001,0,0,3,21.04
284,243.4001,0,0,3,21.06
284,243.4001,0,0,3,21.08
284,243.4001,0,0,3,21.1
284,243.4001,0,0,3,21.12
284,243.4001,0,0,3,21.14
284,243.4001,0,0,3,21.16
284,243.4001,0,0,3,21.18
284,243.4001,0,0,3,21.2
284,243.4001,0,0,3,21.22
284,243.4001,0,0,3,21.24
284,243.4001,0,0,3,21.26
284,243.4001,0,0,3,21.28
284,243.4001,0,0,3,21.3
284,243.4001,0,0,3,21.32
284,243.4001,0,0,3,21.34
284,243.4001,0,0,3,21.36
284,243.4001,0,0,3,21.38
284,243.4001,0,0,3,21.4
284,243.4001,0,0,3,21.42
284,243.4001,0,0,3,21.44
284,243.4001,0,0,3,21.46
284,243.4001,0,0,3,21.48
284,243.4001,0,0,3,21.5
284,243.4001,0,0,3,21.52
284,243.4001,0,0,3,21.54
284,243.4001,0,0,3,21.56
284,243.4001,0,0,3,21.58
284,243.4001,0,0,3,21.6
284,243.4001,0,0,3,21.62
284,243.4001,0,0,3,21.64
284,243.4001,0,0,3,21.66
284,243.4001,0,0,3,21.68
284,243.4001,0,0,3,21.7
284,243.4001,0,0,3,21.72
284,243.4001,0,0,3,21.74
284,243.4001,0,0,3,21.76
284,243.4001,0,0,3,21.78
284,243.4001,0,0,3,21.8
284,243.4001,0,0,3,21.82
284,243.4001,0,0,3,21.84
284,243.4001,0,0,3,21.86
284,243.4001,0,0,3,21.88
284,243.4001,0,0,3,21.9
284,243.4001,0,0,3,21.92
284,243.4001,0,0,3,21.94
284,243.4001,0,0,3,21.96
284,243.4001,0,0,3,21.98
284,243.4001,0,0,3,22
284,243.4001,0,0,3,22.02
284,243.4001,0,0,3,22.04
284,243.4001,0,0,3,22.06
284,243.4001,0,0,3,22.08
284,243.4001,0,0,3,22.1
284,243.4001,0,0,3,22.12
284,243.4001,0,0,3,22.14
284,243.4001,0,0,3,22.16
284,243.4001,0,0,3,22.18
284,243.4001,0,0,3,22.2
284,243.4001,0,0,3,22.22
284,243.4001,0,0,3,22.24
284,243.4001,0,0,3,22.26
284,243.4001,0,0,3,22.28
284,243.4001,0,0,3,22.3
284,243.4001,0,0,3,22.32
284,243.4001,0,0,3,22.34
284,243.4001,0,0,3,22.36
284,243.4001,0,0,3,22.38
284,243.4001,0,0,3,22.4
284,243.4001,0,0,3,22.42
284,243.4001,0,0,3,22.44
284,243.4001,0,0,3,22.46
284,243.4001,0,0,3,22.48
284,243.4001,0,0,3,22.5
284,243.4001,0,0,3,22.52
-100,-100,-100,-100,-100,22.52307
284,243.4001,0,0,4,22.54
284,243.4001,0,0,4,22.56
284,243.4001,0,0,4,22.58
284,243.4001,0,0,4,22.6
284,243.4001,0,0,4,22.62
284,243.4001,0,0,4,22.64
284,243.4001,0,0,4,22.66
284,243.4001,0,0,4,22.68
284,243.4001,0,0,4,22.7
284,243.4001,0,0,4,22.72
284,243.4001,0,0,4,22.74
284,243.4001,0,0,4,22.76
284,243.4001,0,0,4,22.78
284,243.4001,0,0,4,22.8
284,243.4001,0,0,4,22.82
284,243.4001,0,0,4,22.84
284,243.4001,0,0,4,22.86
284,243.4001,0,0,4,22.88
284,243.4001,0,0,4,22.9
284,243.4001,0,0,4,22.92
284,243.4001,0,0,4,22.94
284,243.4001,0,0,4,22.96
284,243.4001,0,0,4,22.98
284,243.4001,0,0,4,23
284,243.4001,0,0,4,23.02
284,243.4001,0,0,4,23.04
284,243.4001,0,0,4,23.06
284,243.4001,0,0,4,23.08
284,243.4001,0,0,4,23.1
284,243.4001,0,0,4,23.12
284,243.4001,0,0,4,23.14
284,243.4001,0,0,4,23.16
284,243.4001,0,0,4,23.18
284,243.4001,0,0,4,23.2
284,243.4001,0,0,4,23.22
-200,-200,-200,-200,-200,23.22748
284,243.4001,0,0,4,23.24
284,243.4001,0,0,4,23.26
284,243.4001,0,0,4,23.28
284,243.4001,0,0,4,23.3
284,243.4001,0,0,4,23.32
284,243.4001,0,0,4,23.34
284,243.4001,0,0,4,23.36
284,243.4001,0,0,4,23.38
284,243.4001,0,0,4,23.4
284,243.4001,0,0,4,23.42
284,243.4001,0,0,4,23.44
284,243.4001,0,0,4,23.46
284,243.4001,0,0,4,23.48
284,243.4001,0,0,4,23.5
284,243.4001,0,0,4,23.52
284,243.4001,0,0,4,23.54
284,243.4001,0,0,4,23.56
284,243.4001,0,0,4,23.58
284,243.4001,0,0,4,23.6
284,243.4001,0,0,4,23.62
284,243.4001,0,0,4,23.64
284,243.4001,0,0,4,23.66
284,243.4001,0,0,4,23.68
284,243.4001,0,0,4,23.7
284,243.4001,0,0,4,23.72
284,243.4001,0,0,4,23.74
284,243.4001,0,0,4,23.76
284,243.4001,0,0,4,23.78
284,243.4001,0,0,4,23.8
284,243.4001,0,0,4,23.82
284,243.4001,0,0,4,23.84
284,243.4001,0,0,4,23.86
284,243.4001,0,0,4,23.88
284,243.4001,0,0,4,23.9
284,243.4001,0,0,4,23.92
284,243.4001,0,0,4,23.94
284,243.4001,0,0,4,23.96
284,243.4001,0,0,4,23.98
284,243.4001,0,0,4,24
284,243.4001,0,0,4,24.02
284,243.4001,0,0,4,24.04
284,243.4001,0,0,4,24.06
284,243.4001,0,0,4,24.08
284,243.4001,0,0,4,24.1
284,243.4001,0,0,4,24.12
284,243.4001,0,0,4,24.14
284,243.4001,0,0,4,24.16
284,243.4001,0,0,4,24.18
284,243.4001,0,0,4,24.2
284,243.4001,0,0,4,24.22
284,243.4001,0,0,4,24.24
284,243.4001,0,0,4,24.26
284,243.4001,0,0,4,24.28
284,243.4001,0,0,4,24.3
284,243.4001,0,0,4,24.32
284,243.4001,0,0,4,24.34
284,243.4001,0,0,4,24.36
284,243.4001,0,0,4,24.38
284,243.4001,0,0,4,24.4
284,243.4001,0,0,4,24.42
284,243.4001,0,0,4,24.44
284,243.4001,0,0,4,24.46
284,243.4001,0,0,4,24.48
284,243.4001,0,0,4,24.5
284,243.4001,0,0,4,24.52
284,243.4001,0,0,4,24.54
284,243.4001,0,0,4,24.56
284,243.4001,0,0,4,24.58
284,243.4001,0,0,4,24.6
284,243.4001,0,0,4,24.62
284,243.4001,0,0,4,24.64
284,243.4001,0,0,4,24.66
284,243.4001,0,0,4,24.68
284,243.4001,0,0,4,24.7
284,243.4001,0,0,4,24.72
284,243.4001,0,0,4,24.74
284,243.4001,0,0,4,24.76
284,243.4001,0,0,4,24.78
284,243.4001,0,0,4,24.8
284,243.4001,0,0,4,24.82
284,243.4001,0,0,4,24.84
284,243.4001,0,0,4,24.86
284,243.4001,0,0,4,24.88
284,243.4001,0,0,4,24.9
284,243.4001,0,0,4,24.92
284,243.4001,0,0,4,24.94
284,243.4001,0,0,4,24.96
284,243.4001,0,0,4,24.98
284,243.4001,0,0,4,25
284,243.4001,0,0,4,25.02
-300,-300,-300,-300,-300,25.02659
284,243.4001,0,0,4,25.04
284,243.4001,0,0,4,25.06
284,243.4001,0,0,4,25.08
284,243.4001,0,0,4,25.1
284,243.4001,0,0,4,25.12
284,243.4001,0,0,4,25.14
284,243.4001,0,0,4,25.16
284,243.4001,0,0,4,25.18
284,243.4001,0,0,4,25.2
284,243.4001,0,0,4,25.22
284,243.4001,0,0,4,25.24
284,243.4001,0,0,4,25.26
284,243.4001,0,0,4,25.28
284,243.4001,0,0,4,25.3
284,243.4001,0,0,4,25.32
284,243.4001,0,0,4,25.34
284,243.4001,0,0,4,25.36
284,243.4001,0,0,4,25.38
284,243.4001,0,0,4,25.4
284,243.4001,0,0,4,25.42
284,243.4001,0,0,4,25.44
284,243.4001,0,0,4,25.46
284,243.4001,0,0,4,25.48
-400,-400,-400,-400,-400,25.49827
284,243.4001,0,0,4,25.5
284,243.4001,0,0,4,25.52
284,243.4001,0,0,4,25.54
284,243.4001,0,0,4,25.56
284,243.4001,0,0,4,25.58
284,243.4001,0,0,4,25.6
284,243.4001,0,0,4,25.62
284,243.4001,0,0,4,25.64
284,243.4001,0,0,4,25.66
284,243.4001,0,0,4,25.68
284,243.4001,0,0,4,25.7
284,243.4001,0,0,4,25.72
284,243.4001,0,0,4,25.74
284,243.4001,0,0,4,25.76
284,243.4001,0,0,4,25.78
284,243.4001,0,0,4,25.8
284,243.4001,0,0,4,25.82
284,243.4001,0,0,4,25.84
284,243.4001,0,0,4,25.86
284,243.4001,0,0,4,25.88
284,243.4001,0,0,4,25.9
284,243.4001,0,0,4,25.92
284,243.4001,0,0,4,25.94
284,243.4001,0,0,4,25.96
284,243.4001,0,0,4,25.98
284,243.4001,0,0,4,26
284,243.4001,0,0,4,26.02
284,243.4001,0,0,4,26.04
284,243.4001,0,0,4,26.06
284,243.4001,0,0,4,26.08
284,243.4001,0,0,4,26.1
284,243.4001,0,0,4,26.12
284,243.4001,0,0,4,26.14
284,243.4001,0,0,4,26.16
284,243.4001,0,0,4,26.18
284,243.4001,0,0,4,26.2
284,243.4001,0,0,4,26.22
284,243.4001,0,0,4,26.24
284,243.4001,0,0,4,26.26
284,243.4001,0,0,4,26.28
284,243.4001,0,0,4,26.3
284,243.4001,0,0,4,26.32
284,243.4001,0,0,4,26.34
284,243.4001,0,0,4,26.36
284,243.4001,0,0,4,26.38
284,243.4001,0,0,4,26.4
284,243.4001,0,0,4,26.42
284,243.4001,0,0,4,26.44
284,243.4001,0,0,4,26.46
284,243.4001,0,0,4,26.48
284,243.4001,0,0,4,26.5
284,243.4001,0,0,4,26.52
284,243.4001,0,0,4,26.54
284,243.4001,0,0,4,26.56
284,243.4001,0,0,4,26.58
284,243.4001,0,0,4,26.6
284,243.4001,0,0,4,26.62
284,243.4001,0,0,4,26.64
284,243.4001,0,0,4,26.66
284,243.4001,0,0,4,26.68
284,243.4001,0,0,4,26.7
284,243.4001,0,0,4,26.72
284,243.4001,0,0,4,26.74
284,243.4001,0,0,4,26.76
284,243.4001,0,0,4,26.78
284,243.4001,0,0,4,26.8
284,243.4001,0,0,4,26.82
284,243.4001,0,0,4,26.84
284,243.4001,0,0,4,26.86
284,243.4001,0,0,4,26.88
284,243.4001,0,0,4,26.9
284,243.4001,0,0,4,26.92
284,243.4001,0,0,4,26.94
284,243.4001,0,0,4,26.96
284,243.4001,0,0,4,26.98
284,243.4001,0,0,4,27
284,243.4001,0,0,4,27.02
284,243.4001,0,0,4,27.04
284,243.4001,0,0,4,27.06
291.2,249.0001,0,0,4,27.08
326.4,280.2001,0,0,4,27.1
352,303.4001,0,0,4,27.12
361.6,310.6,0,0,4,27.14
370.4,319.4001,0,0,4,27.16
380,332.2001,0,0,4,27.18
392,352.2,0,0,4,27.2
420,398.6,0,0,4,27.22
445.6,445.8,0,0,4,27.24
484,507.4001,0,0,4,27.26
527.2,570.6,0,0,4,27.28
568.8,625.0001,0,0,4,27.3
652,735.4,0,0,4,27.32
699.2,801.8,0,0,4,27.34
725.6,837.8,0,0,4,27.36
743.2,860.2001,0,0,4,27.38
749.6,868.2001,0,0,4,27.4
756,873.8,0,0,4,27.42
761.6,881.0001,0,0,4,27.44
766.4,885.0001,0,0,4,27.46
770.4,888.2001,0,0,4,27.48
780,894.6001,0,0,4,27.5
787.2,897.8,0,0,4,27.52
810.4,908.2001,0,0,4,27.54
833.6,917.0001,0,0,4,27.56
853.6,925.0001,0,0,4,27.58
904,948.2001,0,0,4,27.6
945.6,971.4,0,0,4,27.62
980.8,993.8,0,0,4,27.64
1004.8,1015.4,0,0,4,27.66
1008.8,1019.4,0,0,4,27.68
1008.8,1019.4,0,0,4,27.7
1008.8,1019.4,0,0,4,27.72
1008.8,1019.4,0,0,4,27.74
1008.8,1019.4,0,0,4,27.76
1008,1019.4,0,0,4,27.78
1007.2,1019.4,0,0,4,27.8
1006.4,1019.4,0,0,4,27.82
1006.4,1020.2,0,0,4,27.84
1006.4,1021.8,0,0,4,27.86
1006.4,1025,0,0,4,27.88
1006.4,1025.8,0,0,4,27.9
1004.8,1025.8,0,0,4,27.92
1003.2,1026.6,0,0,4,27.94
1001.6,1028.2,0,0,4,27.96
1001.6,1029,0,0,4,27.98
1001.6,1029.8,0,0,4,28
1001.6,1029.8,0,0,4,28.02
1001.6,1029.8,0,0,4,28.04
1001.6,1029.8,0,0,4,28.06
1001.6,1029.8,0,0,4,28.08
1001.6,1029.8,0,0,4,28.1
1000.8,1030.6,0,0,4,28.12
1000.8,1030.6,0,0,4,28.14
1000.8,1030.6,0,0,4,28.16
1000.8,1030.6,0,0,4,28.18
1000.8,1030.6,0,0,4,28.2
1000.8,1030.6,0,0,4,28.22
1000.8,1030.6,0,0,4,28.24
1000.8,1030.6,0,0,4,28.26
1000.8,1030.6,0,0,4,28.28
1000.8,1030.6,0,0,4,28.3
1000.8,1030.6,0,0,4,28.32
1000.8,1030.6,0,0,4,28.34
1000.8,1030.6,0,0,4,28.36
1000.8,1030.6,0,0,4,28.38
1000.8,1030.6,0,0,4,28.4
1000.8,1030.6,0,0,4,28.42
1000.8,1030.6,0,0,4,28.44
1000.8,1030.6,0,0,4,28.46
1000.8,1030.6,0,0,4,28.48
1000.8,1030.6,0,0,4,28.5
1000.8,1030.6,0,0,4,28.52
1000.8,1030.6,0,0,4,28.54
1000.8,1030.6,0,0,4,28.56
1000.8,1030.6,0,0,4,28.58
1000.8,1030.6,0,0,4,28.6
1000.8,1030.6,0,0,4,28.62
1000.8,1030.6,0,0,4,28.64
1000.8,1030.6,0,0,4,28.66
1000.8,1030.6,0,0,4,28.68
1000.8,1030.6,0,0,4,28.7
1000.8,1030.6,0,0,4,28.72
1000.8,1030.6,0,0,4,28.74
1000.8,1030.6,0,0,4,28.76
1000.8,1030.6,0,0,4,28.78
1000.8,1030.6,0,0,4,28.8
1000.8,1030.6,0,0,4,28.82
1000.8,1030.6,0,0,4,28.84
1000.8,1030.6,0,0,4,28.86
1000.8,1030.6,0,0,4,28.88
1000.8,1030.6,0,0,4,28.9
1000.8,1030.6,0,0,4,28.92
1000.8,1030.6,0,0,4,28.94
1000.8,1030.6,0,0,4,28.96
1000.8,1030.6,0,0,4,28.98
1000.8,1030.6,0,0,4,29
1000.8,1030.6,0,0,4,29.02
1000.8,1030.6,0,0,4,29.04
1000.8,1030.6,0,0,4,29.06
1000.8,1030.6,0,0,4,29.08
1000.8,1030.6,0,0,4,29.1
1000.8,1030.6,0,0,4,29.12
1000.8,1030.6,0,0,4,29.14
1000.8,1030.6,0,0,4,29.16
1000.8,1030.6,0,0,4,29.18
1000.8,1030.6,0,0,4,29.2
1000.8,1030.6,0,0,4,29.22
1000.8,1030.6,0,0,4,29.24
1000.8,1030.6,0,0,4,29.26
1000.8,1030.6,0,0,4,29.28
1000.8,1030.6,0,0,4,29.3
1000.8,1030.6,0,0,4,29.32
1000.8,1030.6,0,0,4,29.34
1000.8,1030.6,0,0,4,29.36
1000.8,1030.6,0,0,4,29.38
1000.8,1030.6,0,0,4,29.4
1000.8,1030.6,0,0,4,29.42
1000.8,1030.6,0,0,4,29.44
1000.8,1030.6,0,0,4,29.46
1000.8,1030.6,0,0,4,29.48
1000.8,1030.6,0,0,4,29.5
-100,-100,-100,-100,-100,29.5088
1000.8,1030.6,0,0,5,29.52
1000.8,1030.6,0,0,5,29.54
1000.8,1030.6,0,0,5,29.56
1000.8,1030.6,0,0,5,29.58
1000.8,1030.6,0,0,5,29.6
1000.8,1030.6,0,0,5,29.62
1000.8,1030.6,0,0,5,29.64
1000.8,1030.6,0,0,5,29.66
1000.8,1030.6,0,0,5,29.68
1000.8,1030.6,0,0,5,29.7
1000.8,1030.6,0,0,5,29.72
1000.8,1030.6,0,0,5,29.74
1000.8,1030.6,0,0,5,29.76
1000.8,1030.6,0,0,5,29.78
1000.8,1030.6,0,0,5,29.8
1000.8,1030.6,0,0,5,29.82
1000.8,1030.6,0,0,5,29.84
1000.8,1030.6,0,0,5,29.86
1000.8,1030.6,0,0,5,29.88
1000.8,1030.6,0,0,5,29.9
1000.8,1030.6,0,0,5,29.92
1000.8,1030.6,0,0,5,29.94
1000.8,1030.6,0,0,5,29.96
1000.8,1030.6,0,0,5,29.98
1000.8,1030.6,0,0,5,30
1000.8,1030.6,0,0,5,30.02
1000.8,1030.6,0,0,5,30.04
1000.8,1030.6,0,0,5,30.06
1000.8,1030.6,0,0,5,30.08
1000.8,1030.6,0,0,5,30.1
1000.8,1030.6,0,0,5,30.12
1000.8,1030.6,0,0,5,30.14
1000.8,1030.6,0,0,5,30.16
1000.8,1030.6,0,0,5,30.18
1000.8,1030.6,0,0,5,30.2
1000.8,1030.6,0,0,5,30.22
1000.8,1030.6,0,0,5,30.24
998.4,1027.4,0,0,5,30.26
985.6,1001,0,0,5,30.28
976,969.8,0,0,5,30.3
941.6,863.4,0,0,5,30.32
899.2,753.8,0,0,5,30.34
832,609.0001,0,0,5,30.36
800.8,548.2001,0,0,5,30.38
776.8,501.0001,0,0,5,30.4
768,477.8,0,0,5,30.42
758.4,449.8,0,0,5,30.44
751.2,430.6001,0,0,5,30.46
744.8,413.8,0,0,5,30.48
736.8,394.6,0,0,5,30.5
732,385.8,0,0,5,30.52
730.4,381.8,0,0,5,30.54
727.2,377.0001,0,0,5,30.56
724.8,371.4001,0,0,5,30.58
719.2,355.4001,0,0,5,30.6
716.8,344.2001,0,0,5,30.62
715.2,335.4001,0,0,5,30.64
714.4,333.0001,0,0,5,30.66
712,329.0001,0,0,5,30.68
707.2,317.8,0,0,5,30.7
698.4,301.8,0,0,5,30.72
686.4,282.6001,0,0,5,30.74
683.2,278.6001,0,0,5,30.76
683.2,277.0001,0,0,5,30.78
683.2,277.0001,1,0,5,30.8
683.2,277.0001,1,0,5,30.82
683.2,277.0001,1,0,5,30.84
683.2,277.0001,1,0,5,30.86
683.2,277.0001,0,0,5,30.88
683.2,277.0001,0,0,5,30.9
683.2,277.0001,0,0,5,30.92
683.2,277.0001,0,0,5,30.94
683.2,277.0001,0,0,5,30.96
683.2,277.0001,0,0,5,30.98
683.2,277.0001,0,0,5,31
683.2,277.0001,0,0,5,31.02
683.2,277.0001,0,0,5,31.04
683.2,277.0001,0,0,5,31.06
683.2,277.0001,0,0,5,31.08
683.2,277.0001,0,0,5,31.1
683.2,277.0001,0,0,5,31.12
683.2,277.0001,0,0,5,31.14
683.2,277.0001,0,0,5,31.16
683.2,277.0001,0,0,5,31.18
683.2,277.0001,0,0,5,31.2
683.2,277.0001,0,0,5,31.22
683.2,277.0001,0,0,5,31.24
683.2,277.0001,0,0,5,31.26
683.2,277.0001,0,0,5,31.28
683.2,277.0001,0,0,5,31.3
683.2,277.0001,0,0,5,31.32
683.2,277.0001,0,0,5,31.34
683.2,277.0001,0,0,5,31.36
683.2,277.0001,0,0,5,31.38
683.2,277.0001,0,0,5,31.4
683.2,277.0001,0,0,5,31.42
683.2,277.0001,0,0,5,31.44
683.2,277.0001,0,0,5,31.46
683.2,277.0001,0,0,5,31.48
683.2,277.0001,0,0,5,31.5
683.2,277.0001,0,0,5,31.52
683.2,277.0001,0,0,5,31.54
683.2,277.0001,0,0,5,31.56
683.2,277.0001,0,0,5,31.58
683.2,277.0001,0,0,5,31.6
683.2,277.0001,0,0,5,31.62
683.2,277.0001,0,0,5,31.64
683.2,277.0001,0,0,5,31.66
683.2,277.0001,0,0,5,31.68
683.2,277.0001,0,0,5,31.7
683.2,277.0001,0,0,5,31.72
683.2,277.0001,0,0,5,31.74
683.2,277.0001,0,0,5,31.76
683.2,277.0001,0,0,5,31.78
683.2,277.0001,0,0,5,31.8
683.2,277.0001,0,0,5,31.82
683.2,277.0001,0,0,5,31.84
683.2,277.0001,0,0,5,31.86
683.2,277.0001,0,0,5,31.88
-200,-200,-200,-200,-200,31.88951
683.2,277.0001,0,0,5,31.9
683.2,277.0001,0,0,5,31.92
683.2,277.0001,0,0,5,31.94
683.2,277.0001,0,0,5,31.96
683.2,277.0001,0,0,5,31.98
683.2,277.0001,0,0,5,32
683.2,277.0001,0,0,5,32.02
683.2,277.0001,0,0,5,32.04
683.2,277.0001,0,0,5,32.06
683.2,277.0001,0,0,5,32.08
683.2,277.0001,0,0,5,32.1
683.2,277.0001,0,0,5,32.12
683.2,277.0001,0,0,5,32.14
683.2,277.0001,0,0,5,32.16
683.2,277.0001,0,0,5,32.18
683.2,277.0001,0,0,5,32.2
683.2,277.0001,0,0,5,32.22
683.2,277.0001,0,0,5,32.24
683.2,277.0001,0,0,5,32.26
683.2,277.0001,0,0,5,32.28
683.2,277.0001,0,0,5,32.3
683.2,277.0001,0,0,5,32.32
683.2,277.0001,0,0,5,32.34
683.2,277.0001,0,0,5,32.36
683.2,277.0001,0,0,5,32.38
683.2,277.0001,0,0,5,32.4
683.2,277.0001,0,0,5,32.42
683.2,277.0001,0,0,5,32.44
683.2,277.0001,0,0,5,32.46
683.2,277.0001,0,0,5,32.48
683.2,277.0001,0,0,5,32.5
683.2,277.0001,0,0,5,32.52
683.2,277.0001,0,0,5,32.54
683.2,277.0001,0,0,5,32.56
683.2,277.0001,0,0,5,32.58
683.2,277.0001,0,0,5,32.6
683.2,277.0001,0,0,5,32.62
683.2,277.0001,0,0,5,32.64
683.2,277.0001,0,0,5,32.66
683.2,277.0001,0,0,5,32.68
683.2,277.0001,0,0,5,32.7
683.2,277.0001,0,0,5,32.72
683.2,277.0001,0,0,5,32.74
683.2,277.0001,0,0,5,32.76
683.2,277.0001,0,0,5,32.78
683.2,277.0001,0,0,5,32.8
683.2,277.0001,0,0,5,32.82
-300,-300,-300,-300,-300,32.82359
683.2,277.0001,0,0,5,32.84
683.2,277.0001,0,0,5,32.86
683.2,277.0001,0,0,5,32.88
683.2,277.0001,0,0,5,32.9
683.2,277.0001,0,0,5,32.92
683.2,277.0001,0,0,5,32.94
683.2,277.0001,0,0,5,32.96
683.2,277.0001,0,0,5,32.98
683.2,277.0001,0,0,5,33
683.2,277.0001,0,0,5,33.02
683.2,277.0001,0,0,5,33.04
683.2,277.0001,0,0,5,33.06
683.2,277.0001,0,0,5,33.08
683.2,277.0001,0,0,5,33.1
683.2,277.0001,0,0,5,33.12
683.2,277.0001,0,0,5,33.14
683.2,277.0001,0,0,5,33.16
683.2,277.0001,0,0,5,33.18
683.2,277.0001,0,0,5,33.2
683.2,277.0001,0,0,5,33.22
683.2,277.0001,0,0,5,33.24
683.2,277.0001,0,0,5,33.26
683.2,277.0001,0,0,5,33.28
683.2,277.0001,0,0,5,33.3
683.2,277.0001,0,0,5,33.32
683.2,277.0001,0,0,5,33.34
683.2,277.0001,0,0,5,33.36
683.2,277.0001,0,0,5,33.38
683.2,277.0001,0,0,5,33.4
683.2,277.0001,0,0,5,33.42
683.2,277.0001,0,0,5,33.44
683.2,277.0001,0,0,5,33.46
683.2,277.0001,0,0,5,33.48
683.2,277.0001,0,0,5,33.5
683.2,277.0001,0,0,5,33.52
683.2,277.0001,0,0,5,33.54
683.2,277.0001,0,0,5,33.56
683.2,277.0001,0,0,5,33.58
683.2,277.0001,0,0,5,33.6
683.2,277.0001,0,0,5,33.62
683.2,277.0001,0,0,5,33.64
683.2,277.0001,0,0,5,33.66
683.2,277.0001,0,0,5,33.68
683.2,277.0001,0,0,5,33.7
683.2,277.0001,0,0,5,33.72
683.2,277.0001,0,0,5,33.74
683.2,277.0001,0,0,5,33.76
683.2,277.0001,0,0,5,33.78
683.2,277.0001,0,0,5,33.8
683.2,277.0001,0,0,5,33.82
683.2,277.0001,0,0,5,33.84
683.2,277.0001,0,0,5,33.86
683.2,277.0001,0,0,5,33.88
683.2,277.0001,0,0,5,33.9
683.2,277.0001,0,0,5,33.92
683.2,277.0001,0,0,5,33.94
683.2,277.0001,0,0,5,33.96
683.2,277.0001,0,0,5,33.98
683.2,277.0001,0,0,5,34
683.2,277.0001,0,0,5,34.02
683.2,277.0001,0,0,5,34.04
683.2,277.0001,0,0,5,34.06
683.2,277.0001,0,0,5,34.08
683.2,277.0001,0,0,5,34.1
683.2,277.0001,0,0,5,34.12
683.2,277.0001,0,0,5,34.14
683.2,277.0001,0,0,5,34.16
683.2,277.0001,0,0,5,34.18
683.2,277.0001,0,0,5,34.2
683.2,277.0001,0,0,5,34.22
683.2,277.0001,0,0,5,34.24
683.2,277.0001,0,0,5,34.26
683.2,277.0001,0,0,5,34.28
683.2,277.0001,0,0,5,34.3
683.2,277.0001,0,0,5,34.32
683.2,277.0001,0,0,5,34.34
683.2,277.0001,0,0,5,34.36
683.2,277.0001,0,0,5,34.38
683.2,277.0001,0,0,5,34.4
683.2,277.0001,0,0,5,34.42
683.2,277.0001,0,0,5,34.44
683.2,277.0001,0,0,5,34.46
683.2,277.0001,0,0,5,34.48
683.2,277.0001,0,0,5,34.5
683.2,277.0001,0,0,5,34.52
683.2,277.0001,0,0,5,34.54
683.2,277.0001,0,0,5,34.56
683.2,277.0001,0,0,5,34.58
683.2,277.0001,0,0,5,34.6
683.2,277.0001,0,0,5,34.62
683.2,277.0001,0,0,5,34.64
683.2,277.0001,0,0,5,34.66
683.2,277.0001,0,0,5,34.68
683.2,277.0001,0,0,5,34.7
683.2,277.0001,0,0,5,34.72
683.2,277.0001,0,0,5,34.74
683.2,277.0001,0,0,5,34.76
683.2,277.0001,0,0,5,34.78
683.2,277.0001,0,0,5,34.8
683.2,277.0001,0,0,5,34.82
683.2,277.0001,0,0,5,34.84
683.2,277.0001,0,0,5,34.86
683.2,277.0001,0,0,5,34.88
683.2,277.0001,0,0,5,34.9
683.2,277.0001,0,0,5,34.92
683.2,277.0001,0,0,5,34.94
683.2,277.0001,0,0,5,34.96
683.2,277.0001,0,0,5,34.98
683.2,277.0001,0,0,5,35
683.2,277.0001,0,0,5,35.02
683.2,277.0001,0,0,5,35.04
683.2,277.0001,0,0,5,35.06
683.2,277.0001,0,0,5,35.08
683.2,277.0001,0,0,5,35.1
683.2,277.0001,0,0,5,35.12
683.2,277.0001,0,0,5,35.14
683.2,277.0001,0,0,5,35.16
683.2,277.0001,0,0,5,35.18
683.2,277.0001,0,0,5,35.2
683.2,277.0001,0,0,5,35.22
683.2,277.0001,0,0,5,35.24
683.2,277.0001,0,0,5,35.26
683.2,277.0001,0,0,5,35.28
683.2,277.0001,0,0,5,35.3
683.2,277.0001,0,0,5,35.32
683.2,277.0001,0,0,5,35.34
683.2,277.0001,0,0,5,35.36
-400,-400,-400,-400,-400,35.37899
683.2,277.0001,0,0,5,35.38
683.2,277.0001,0,0,5,35.4
683.2,277.0001,0,0,5,35.42
683.2,277.0001,0,0,5,35.44
683.2,277.0001,0,0,5,35.46
683.2,277.0001,0,0,5,35.48
683.2,277.0001,0,0,5,35.5
683.2,277.0001,0,0,5,35.52
683.2,277.0001,0,0,5,35.54
683.2,277.0001,0,0,5,35.56
683.2,277.0001,0,0,5,35.58
683.2,277.0001,0,0,5,35.6
683.2,277.0001,0,0,5,35.62
683.2,277.0001,0,0,5,35.64
683.2,277.0001,0,0,5,35.66
683.2,277.0001,0,0,5,35.68
683.2,277.0001,0,0,5,35.7
683.2,277.0001,0,0,5,35.72
683.2,277.0001,0,0,5,35.74
683.2,277.0001,0,0,5,35.76
683.2,277.0001,0,0,5,35.78
683.2,277.0001,0,0,5,35.8
683.2,277.0001,0,0,5,35.82
683.2,277.0001,0,0,5,35.84
683.2,277.0001,0,0,5,35.86
683.2,277.0001,0,0,5,35.88
683.2,277.0001,0,0,5,35.9
683.2,277.0001,0,0,5,35.92
683.2,277.0001,0,0,5,35.94
683.2,277.0001,0,0,5,35.96
683.2,277.0001,0,0,5,35.98
683.2,277.0001,0,0,5,36
683.2,277.0001,0,0,5,36.02
683.2,277.0001,0,0,5,36.04
683.2,277.0001,0,0,5,36.06
683.2,277.0001,0,0,5,36.08
683.2,277.0001,0,0,5,36.1
683.2,277.0001,0,0,5,36.12
683.2,277.0001,0,0,5,36.14
683.2,277.0001,0,0,5,36.16
683.2,277.0001,0,0,5,36.18
683.2,277.0001,0,0,5,36.2
683.2,277.0001,0,0,5,36.22
683.2,277.0001,0,0,5,36.24
683.2,277.0001,0,0,5,36.26
683.2,277.0001,0,0,5,36.28
683.2,277.0001,0,0,5,36.3
683.2,277.0001,0,0,5,36.32
683.2,277.0001,0,0,5,36.34
683.2,277.0001,0,0,5,36.36
683.2,277.0001,0,0,5,36.38
683.2,277.0001,0,0,5,36.4
683.2,277.0001,0,0,5,36.42
683.2,277.0001,0,0,5,36.44
683.2,277.0001,0,0,5,36.46
683.2,277.0001,0,0,5,36.48
683.2,277.0001,0,0,5,36.5
683.2,277.0001,0,0,5,36.52
683.2,277.0001,0,0,5,36.54
683.2,277.0001,0,0,5,36.56
683.2,277.0001,0,0,5,36.58
683.2,277.0001,0,0,5,36.6
683.2,277.0001,0,0,5,36.62
683.2,277.0001,0,0,5,36.64
683.2,277.0001,0,0,5,36.66
683.2,277.0001,0,0,5,36.68
683.2,277.0001,0,0,5,36.7
683.2,277.0001,0,0,5,36.72
683.2,277.0001,0,0,5,36.74
683.2,277.0001,0,0,5,36.76
683.2,277.0001,0,0,5,36.78
683.2,277.0001,0,0,5,36.8
683.2,277.0001,0,0,5,36.82
683.2,277.0001,0,0,5,36.84
683.2,277.0001,0,0,5,36.86
683.2,277.0001,0,0,5,36.88
683.2,277.0001,0,0,5,36.9
683.2,277.0001,0,0,5,36.92
683.2,277.0001,0,0,5,36.94
683.2,277.0001,0,0,5,36.96
683.2,277.0001,0,0,5,36.98
683.2,277.0001,0,0,5,37
683.2,277.0001,0,0,5,37.02
683.2,277.0001,0,0,5,37.04
683.2,277.0001,0,0,5,37.06
683.2,277.0001,0,0,5,37.08
683.2,277.0001,0,0,5,37.1
683.2,277.0001,0,0,5,37.12
683.2,277.0001,0,0,5,37.14
683.2,277.0001,0,0,5,37.16
683.2,277.0001,0,0,5,37.18
683.2,277.0001,0,0,5,37.2
683.2,277.0001,0,0,5,37.22
683.2,277.0001,0,0,5,37.24
683.2,277.0001,0,0,5,37.26
683.2,277.0001,0,0,5,37.28
683.2,277.0001,0,0,5,37.3
683.2,277.0001,0,0,5,37.32
683.2,277.0001,0,0,5,37.34
683.2,277.0001,0,0,5,37.36
683.2,277.0001,0,0,5,37.38
683.2,277.0001,0,0,5,37.4
683.2,277.0001,0,0,5,37.42
683.2,277.0001,0,0,5,37.44
683.2,277.0001,0,0,5,37.46
683.2,277.0001,0,0,5,37.48
683.2,277.0001,0,0,5,37.5
683.2,277.0001,0,0,5,37.52
683.2,277.0001,0,0,5,37.54
683.2,277.0001,0,0,5,37.56
683.2,277.0001,0,0,5,37.58
683.2,277.0001,0,0,5,37.6
683.2,277.0001,0,0,5,37.62
683.2,277.0001,0,0,5,37.64
683.2,277.0001,0,0,5,37.66
683.2,277.0001,0,0,5,37.68
683.2,277.0001,0,0,5,37.7
683.2,277.0001,0,0,5,37.72
683.2,277.0001,0,0,5,37.74
683.2,277.0001,0,0,5,37.76
683.2,277.0001,0,0,5,37.78
683.2,277.0001,0,0,5,37.8
683.2,277.0001,0,0,5,37.82
683.2,277.0001,0,0,5,37.84
683.2,277.0001,0,0,5,37.86
683.2,277.0001,0,0,5,37.88
683.2,277.0001,0,0,5,37.9
683.2,277.0001,0,0,5,37.92
683.2,277.0001,0,0,5,37.94
683.2,277.0001,0,0,5,37.96
683.2,277.0001,0,0,5,37.98
683.2,277.0001,0,0,5,38
683.2,277.0001,0,0,5,38.02
683.2,277.0001,0,0,5,38.04
683.2,277.0001,0,0,5,38.06
683.2,277.0001,0,0,5,38.08
683.2,277.0001,0,0,5,38.1
683.2,277.0001,0,0,5,38.12
683.2,277.0001,0,0,5,38.14
683.2,277.0001,0,0,5,38.16
683.2,277.0001,0,0,5,38.18
683.2,277.0001,0,0,5,38.2
683.2,277.0001,0,0,5,38.22
683.2,277.0001,0,0,5,38.24
683.2,277.0001,0,0,5,38.26
683.2,277.0001,0,0,5,38.28
683.2,277.0001,0,0,5,38.3
683.2,277.0001,0,0,5,38.32
683.2,277.0001,0,0,5,38.34
683.2,277.0001,0,0,5,38.36
683.2,277.0001,0,0,5,38.38
683.2,277.0001,0,0,5,38.4
683.2,277.0001,0,0,5,38.42
683.2,277.0001,0,0,5,38.44
683.2,277.0001,0,0,5,38.46
683.2,277.0001,0,0,5,38.48
683.2,277.0001,0,0,5,38.5
683.2,277.0001,0,0,5,38.52
683.2,277.0001,0,0,5,38.54
683.2,277.0001,0,0,5,38.56
683.2,277.0001,0,0,5,38.58
683.2,277.0001,0,0,5,38.6
683.2,277.0001,0,0,5,38.62
683.2,277.0001,0,0,5,38.64
683.2,277.0001,0,0,5,38.66
683.2,277.0001,0,0,5,38.68
683.2,277.0001,0,0,5,38.7
683.2,277.0001,0,0,5,38.72
683.2,277.0001,0,0,5,38.74
683.2,277.0001,0,0,5,38.76
683.2,277.0001,0,0,5,38.78
683.2,277.0001,0,0,5,38.8
683.2,277.0001,0,0,5,38.82
683.2,277.0001,0,0,5,38.84
683.2,277.0001,0,0,5,38.86
683.2,277.0001,0,0,5,38.88
683.2,277.0001,0,0,5,38.9
683.2,277.0001,0,0,5,38.92
683.2,277.0001,0,0,5,38.94
683.2,277.0001,0,0,5,38.96
683.2,277.0001,0,0,5,38.98
683.2,277.0001,0,0,5,39
683.2,277.0001,0,0,5,39.02
683.2,277.0001,0,0,5,39.04
683.2,277.0001,0,0,5,39.06
683.2,277.0001,0,0,5,39.08
683.2,277.0001,0,0,5,39.1
683.2,277.0001,0,0,5,39.12
683.2,277.0001,0,0,5,39.14
683.2,277.0001,0,0,5,39.16
683.2,277.0001,0,0,5,39.18
683.2,277.0001,0,0,5,39.2
683.2,277.0001,0,0,5,39.22
683.2,277.0001,0,0,5,39.24
683.2,277.0001,0,0,5,39.26
683.2,277.0001,0,0,5,39.28
683.2,277.0001,0,0,5,39.3
683.2,277.0001,0,0,5,39.32
683.2,277.0001,0,0,5,39.34
683.2,277.0001,0,0,5,39.36
683.2,277.0001,0,0,5,39.38
-100,-100,-100,-100,-100,39.38721
683.2,277.0001,0,0,6,39.4
683.2,277.0001,0,0,6,39.42
683.2,277.0001,0,0,6,39.44
683.2,277.0001,0,0,6,39.46
683.2,277.0001,0,0,6,39.48
683.2,277.0001,0,0,6,39.5
683.2,277.0001,0,0,6,39.52
683.2,277.0001,0,0,6,39.54
683.2,277.0001,0,0,6,39.56
683.2,277.0001,0,0,6,39.58
683.2,277.0001,0,0,6,39.6
683.2,277.0001,0,0,6,39.62
683.2,277.0001,0,0,6,39.64
683.2,277.0001,0,0,6,39.66
683.2,277.0001,0,0,6,39.68
683.2,277.0001,0,0,6,39.7
683.2,277.0001,0,0,6,39.72
683.2,277.0001,0,0,6,39.74
683.2,277.0001,0,0,6,39.76
683.2,277.0001,0,0,6,39.78
683.2,277.0001,0,0,6,39.8
683.2,277.0001,0,0,6,39.82
683.2,277.0001,0,0,6,39.84
683.2,277.0001,0,0,6,39.86
683.2,277.0001,0,0,6,39.88
683.2,277.0001,0,0,6,39.9
683.2,277.0001,0,0,6,39.92
683.2,277.0001,0,0,6,39.94
683.2,277.0001,0,0,6,39.96
683.2,277.0001,0,0,6,39.98
683.2,277.0001,0,0,6,40
683.2,277.0001,0,0,6,40.02
683.2,277.0001,0,0,6,40.04
683.2,277.0001,0,0,6,40.06
683.2,277.0001,0,0,6,40.08
683.2,277.0001,0,0,6,40.1
683.2,277.0001,0,0,6,40.12
683.2,277.0001,0,0,6,40.14
683.2,277.0001,0,0,6,40.16
683.2,277.0001,0,0,6,40.18
683.2,277.0001,0,0,6,40.2
683.2,277.0001,0,0,6,40.22
683.2,277.0001,0,0,6,40.24
683.2,277.0001,0,0,6,40.26
683.2,277.0001,0,0,6,40.28
683.2,277.0001,0,0,6,40.3
683.2,277.0001,0,0,6,40.32
683.2,277.0001,0,0,6,40.34
683.2,277.0001,0,0,6,40.36
683.2,277.0001,0,0,6,40.38
683.2,277.0001,0,0,6,40.4
683.2,277.0001,0,0,6,40.42
683.2,277.0001,0,0,6,40.44
683.2,277.0001,0,0,6,40.46
683.2,277.0001,0,0,6,40.48
683.2,277.0001,0,0,6,40.5
683.2,277.0001,0,0,6,40.52
683.2,277.0001,0,0,6,40.54
683.2,277.0001,0,0,6,40.56
683.2,277.0001,0,0,6,40.58
683.2,277.0001,0,0,6,40.6
683.2,277.0001,0,0,6,40.62
683.2,277.0001,0,0,6,40.64
683.2,277.0001,0,0,6,40.66
683.2,277.0001,0,0,6,40.68
683.2,277.0001,0,0,6,40.7
683.2,277.0001,0,0,6,40.72
683.2,277.0001,0,0,6,40.74
683.2,277.0001,0,0,6,40.76
683.2,277.0001,0,0,6,40.78
683.2,277.0001,0,0,6,40.8
683.2,277.0001,0,0,6,40.82
683.2,277.0001,0,0,6,40.84
683.2,277.0001,0,0,6,40.86
683.2,277.0001,0,0,6,40.88
683.2,277.0001,0,0,6,40.9
683.2,277.0001,0,0,6,40.92
683.2,277.0001,0,0,6,40.94
683.2,277.0001,0,0,6,40.96
683.2,277.0001,0,0,6,40.98
683.2,277.0001,0,0,6,41
683.2,277.0001,0,0,6,41.02
683.2,277.0001,0,0,6,41.04
683.2,277.0001,0,0,6,41.06
683.2,277.0001,0,0,6,41.08
683.2,277.0001,0,0,6,41.1
683.2,277.0001,0,0,6,41.12
683.2,277.0001,0,0,6,41.14
683.2,277.0001,0,0,6,41.16
683.2,277.0001,0,0,6,41.18
683.2,277.0001,0,0,6,41.2
683.2,277.0001,0,0,6,41.22
683.2,277.0001,0,0,6,41.24
683.2,277.0001,0,0,6,41.26
683.2,277.0001,0,0,6,41.28
683.2,277.0001,0,0,6,41.3
683.2,277.0001,0,0,6,41.32
683.2,277.0001,0,0,6,41.34
683.2,277.0001,0,0,6,41.36
683.2,277.0001,0,0,6,41.38
683.2,277.0001,0,0,6,41.4
683.2,277.0001,0,0,6,41.42
683.2,277.0001,0,0,6,41.44
683.2,277.0001,0,0,6,41.46
683.2,277.0001,0,0,6,41.48
683.2,277.0001,0,0,6,41.5
683.2,277.0001,0,0,6,41.52
683.2,277.0001,0,0,6,41.54
683.2,277.0001,0,0,6,41.56
683.2,277.0001,0,0,6,41.58
683.2,277.0001,0,0,6,41.6
683.2,277.0001,0,0,6,41.62
683.2,277.0001,0,0,6,41.64
683.2,277.0001,0,0,6,41.66
683.2,277.0001,0,0,6,41.68
683.2,277.0001,0,0,6,41.7
683.2,277.0001,0,0,6,41.72
683.2,277.0001,0,0,6,41.74
683.2,277.0001,0,0,6,41.76
683.2,277.0001,0,0,6,41.78
683.2,277.0001,0,0,6,41.8
683.2,277.0001,0,0,6,41.82
683.2,277.0001,0,0,6,41.84
683.2,277.0001,0,0,6,41.86
683.2,277.0001,0,0,6,41.88
683.2,277.0001,0,0,6,41.9
683.2,277.0001,0,0,6,41.92
683.2,277.0001,0,0,6,41.94
683.2,277.0001,0,0,6,41.96
683.2,277.0001,0,0,6,41.98
683.2,277.0001,0,0,6,42
683.2,277.0001,0,0,6,42.02
683.2,277.0001,0,0,6,42.04
683.2,277.0001,0,0,6,42.06
683.2,277.0001,0,0,6,42.08
683.2,277.0001,0,0,6,42.1
683.2,277.0001,0,0,6,42.12
683.2,277.0001,0,0,6,42.14
683.2,277.0001,0,0,6,42.16
683.2,277.0001,0,0,6,42.18
683.2,277.0001,0,0,6,42.2
683.2,277.0001,0,0,6,42.22
683.2,277.0001,0,0,6,42.24
683.2,277.0001,0,0,6,42.26
683.2,277.0001,0,0,6,42.28
683.2,277.0001,0,0,6,42.3
683.2,277.0001,0,0,6,42.32
683.2,277.0001,0,0,6,42.34
683.2,277.0001,0,0,6,42.36
683.2,277.0001,0,0,6,42.38
683.2,277.0001,0,0,6,42.4
683.2,277.0001,0,0,6,42.42
683.2,277.0001,0,0,6,42.44
683.2,277.0001,0,0,6,42.46
683.2,277.0001,0,0,6,42.48
683.2,277.0001,0,0,6,42.5
683.2,277.0001,0,0,6,42.52
683.2,277.0001,0,0,6,42.54
683.2,277.0001,0,0,6,42.56
683.2,277.0001,0,0,6,42.58
683.2,277.0001,0,0,6,42.6
683.2,277.0001,0,0,6,42.62
683.2,277.0001,0,0,6,42.64
683.2,277.0001,0,0,6,42.66
683.2,277.0001,0,0,6,42.68
683.2,277.0001,0,0,6,42.7
683.2,277.0001,0,0,6,42.72
683.2,277.0001,0,0,6,42.74
683.2,277.0001,0,0,6,42.76
683.2,277.0001,0,0,6,42.78
683.2,277.0001,0,0,6,42.8
683.2,277.0001,0,0,6,42.82
683.2,277.0001,0,0,6,42.84
683.2,277.0001,0,0,6,42.86
683.2,277.0001,0,0,6,42.88
683.2,277.0001,0,0,6,42.9
683.2,277.0001,0,0,6,42.92
683.2,277.0001,0,0,6,42.94
683.2,277.0001,0,0,6,42.96
683.2,277.0001,0,0,6,42.98
683.2,277.0001,0,0,6,43
683.2,277.0001,0,0,6,43.02
683.2,277.0001,0,0,6,43.04
683.2,277.0001,0,0,6,43.06
683.2,277.0001,0,0,6,43.08
683.2,277.0001,0,0,6,43.1
683.2,277.0001,0,0,6,43.12
683.2,277.0001,0,0,6,43.14
683.2,277.0001,0,0,6,43.16
683.2,277.0001,0,0,6,43.18
683.2,277.0001,0,0,6,43.2
683.2,277.0001,0,0,6,43.22
683.2,277.0001,0,0,6,43.24
683.2,277.0001,0,0,6,43.26
683.2,277.0001,0,0,6,43.28
683.2,277.0001,0,0,6,43.3
683.2,277.0001,0,0,6,43.32
683.2,277.0001,0,0,6,43.34
683.2,277.0001,0,0,6,43.36
683.2,277.0001,0,0,6,43.38
683.2,277.0001,0,0,6,43.4
683.2,277.0001,0,0,6,43.42
683.2,277.0001,0,0,6,43.44
683.2,277.0001,0,0,6,43.46
683.2,277.0001,0,0,6,43.48
683.2,277.0001,0,0,6,43.5
683.2,277.0001,0,0,6,43.52
683.2,277.0001,0,0,6,43.54
683.2,277.0001,0,0,6,43.56
683.2,277.0001,0,0,6,43.58
683.2,277.0001,0,0,6,43.6
683.2,277.0001,0,0,6,43.62
683.2,277.0001,0,0,6,43.64
683.2,277.0001,0,0,6,43.66
683.2,277.0001,0,0,6,43.68
683.2,277.0001,0,0,6,43.7
683.2,277.0001,0,0,6,43.72
683.2,277.0001,0,0,6,43.74
683.2,277.0001,0,0,6,43.76
683.2,277.0001,0,0,6,43.78
683.2,277.0001,0,0,6,43.8
683.2,277.0001,0,0,6,43.82
683.2,277.0001,0,0,6,43.84
683.2,277.0001,0,0,6,43.86
683.2,277.0001,0,0,6,43.88
683.2,277.0001,0,0,6,43.9
683.2,277.0001,0,0,6,43.92
683.2,277.0001,0,0,6,43.94
683.2,277.0001,0,0,6,43.96
683.2,277.0001,0,0,6,43.98
683.2,277.0001,0,0,6,44
683.2,277.0001,0,0,6,44.02
683.2,277.0001,0,0,6,44.04
683.2,277.0001,0,0,6,44.06
683.2,277.0001,0,0,6,44.08
683.2,277.0001,0,0,6,44.1
683.2,277.0001,0,0,6,44.12
683.2,277.0001,0,0,6,44.14
683.2,277.0001,0,0,6,44.16
683.2,277.0001,0,0,6,44.18
683.2,277.0001,0,0,6,44.2
683.2,277.0001,0,0,6,44.22
683.2,277.0001,0,0,6,44.24
-200,-200,-200,-200,-200,44.25179
683.2,277.0001,0,0,6,44.26
683.2,277.0001,0,0,6,44.28
683.2,277.0001,0,0,6,44.3
683.2,277.0001,0,0,6,44.32
683.2,277.0001,0,0,6,44.34
683.2,277.0001,0,0,6,44.36
683.2,277.0001,0,0,6,44.38
683.2,277.0001,0,0,6,44.4
683.2,277.0001,0,0,6,44.42
683.2,277.0001,0,0,6,44.44
683.2,277.0001,0,0,6,44.46
683.2,277.0001,0,0,6,44.48
683.2,277.0001,0,0,6,44.5
683.2,277.0001,0,0,6,44.52
683.2,277.0001,0,0,6,44.54
683.2,277.0001,0,0,6,44.56
683.2,277.0001,0,0,6,44.58
683.2,277.0001,0,0,6,44.6
683.2,277.0001,0,0,6,44.62
683.2,277.0001,0,0,6,44.64
683.2,277.0001,0,0,6,44.66
683.2,277.0001,0,0,6,44.68
683.2,277.0001,0,0,6,44.7
683.2,277.0001,0,0,6,44.72
683.2,277.0001,0,0,6,44.74
683.2,277.0001,0,0,6,44.76
683.2,277.0001,0,0,6,44.78
683.2,277.0001,0,0,6,44.8
683.2,277.0001,0,0,6,44.82
683.2,277.0001,0,0,6,44.84
683.2,277.0001,0,0,6,44.86
683.2,277.0001,0,0,6,44.88
683.2,277.0001,0,0,6,44.9
683.2,277.0001,0,0,6,44.92
683.2,277.0001,0,0,6,44.94
683.2,277.0001,0,0,6,44.96
683.2,277.0001,0,0,6,44.98
683.2,277.0001,0,0,6,45
683.2,277.0001,0,0,6,45.02
683.2,277.0001,0,0,6,45.04
683.2,277.0001,0,0,6,45.06
683.2,277.0001,0,0,6,45.08
683.2,277.0001,0,0,6,45.1
683.2,277.0001,0,0,6,45.12
683.2,277.0001,0,0,6,45.14
683.2,277.0001,0,0,6,45.16
683.2,277.0001,0,0,6,45.18
683.2,277.0001,0,0,6,45.2
683.2,277.0001,0,0,6,45.22
683.2,277.0001,0,0,6,45.24
683.2,277.0001,0,0,6,45.26
683.2,277.0001,0,0,6,45.28
683.2,277.0001,0,0,6,45.3
683.2,277.0001,0,0,6,45.32
683.2,277.0001,0,0,6,45.34
683.2,277.0001,0,0,6,45.36
683.2,277.0001,0,0,6,45.38
683.2,277.0001,0,0,6,45.4
683.2,277.0001,0,0,6,45.42
683.2,277.0001,0,0,6,45.44
683.2,277.0001,0,0,6,45.46
683.2,277.0001,0,0,6,45.48
683.2,277.0001,0,0,6,45.5
683.2,277.0001,0,0,6,45.52
683.2,277.0001,0,0,6,45.54
683.2,277.0001,0,0,6,45.56
683.2,277.0001,0,0,6,45.58
683.2,277.0001,0,0,6,45.6
683.2,277.0001,0,0,6,45.62
683.2,277.0001,0,0,6,45.64
683.2,277.0001,0,0,6,45.66
683.2,277.0001,0,0,6,45.68
683.2,277.0001,0,0,6,45.7
683.2,277.0001,0,0,6,45.72
683.2,277.0001,0,0,6,45.74
683.2,277.0001,0,0,6,45.76
683.2,277.0001,0,0,6,45.78
683.2,277.0001,0,0,6,45.8
683.2,277.0001,0,0,6,45.82
683.2,277.0001,0,0,6,45.84
683.2,277.0001,0,0,6,45.86
683.2,277.0001,0,0,6,45.88
683.2,277.0001,0,0,6,45.9
683.2,277.0001,0,0,6,45.92
683.2,277.0001,0,0,6,45.94
683.2,277.0001,0,0,6,45.96
683.2,277.0001,0,0,6,45.98
683.2,277.0001,0,0,6,46
683.2,277.0001,0,0,6,46.02
683.2,277.0001,0,0,6,46.04
683.2,277.0001,0,0,6,46.06
683.2,277.0001,0,0,6,46.08
683.2,277.0001,0,0,6,46.1
683.2,277.0001,0,0,6,46.12
683.2,277.0001,0,0,6,46.14
683.2,277.0001,0,0,6,46.16
683.2,277.0001,0,0,6,46.18
683.2,277.0001,0,0,6,46.2
683.2,277.0001,0,0,6,46.22
683.2,277.0001,0,0,6,46.24
683.2,277.0001,0,0,6,46.26
683.2,277.0001,0,0,6,46.28
683.2,277.0001,0,0,6,46.3
683.2,277.0001,0,0,6,46.32
683.2,277.0001,0,0,6,46.34
683.2,277.0001,0,0,6,46.36
683.2,277.0001,0,0,6,46.38
683.2,277.0001,0,0,6,46.4
683.2,277.0001,0,0,6,46.42
683.2,277.0001,0,0,6,46.44
683.2,277.0001,0,0,6,46.46
683.2,277.0001,0,0,6,46.48
683.2,277.0001,0,0,6,46.5
683.2,277.0001,0,0,6,46.52
683.2,277.0001,0,0,6,46.54
683.2,277.0001,0,0,6,46.56
683.2,277.0001,0,0,6,46.58
683.2,277.0001,0,0,6,46.6
683.2,277.0001,0,0,6,46.62
683.2,277.0001,0,0,6,46.64
683.2,277.0001,0,0,6,46.66
683.2,277.0001,0,0,6,46.68
683.2,277.0001,0,0,6,46.7
683.2,277.0001,0,0,6,46.72
683.2,277.0001,0,0,6,46.74
683.2,277.0001,0,0,6,46.76
683.2,277.0001,0,0,6,46.78
683.2,277.0001,0,0,6,46.8
683.2,277.0001,0,0,6,46.82
683.2,277.0001,0,0,6,46.84
683.2,277.0001,0,0,6,46.86
683.2,277.0001,0,0,6,46.88
683.2,277.0001,0,0,6,46.9
683.2,277.0001,0,0,6,46.92
683.2,277.0001,0,0,6,46.94
683.2,277.0001,0,0,6,46.96
683.2,277.0001,0,0,6,46.98
683.2,277.0001,0,0,6,47
683.2,277.0001,0,0,6,47.02
683.2,277.0001,0,0,6,47.04
683.2,277.0001,0,0,6,47.06
683.2,277.0001,0,0,6,47.08
683.2,277.0001,0,0,6,47.1
683.2,277.0001,0,0,6,47.12
683.2,277.0001,0,0,6,47.14
683.2,277.0001,0,0,6,47.16
683.2,277.0001,0,0,6,47.18
683.2,277.0001,0,0,6,47.2
683.2,277.0001,0,0,6,47.22
683.2,277.0001,0,0,6,47.24
683.2,277.0001,0,0,6,47.26
683.2,277.0001,0,0,6,47.28
683.2,277.0001,0,0,6,47.3
683.2,277.0001,0,0,6,47.32
683.2,277.0001,0,0,6,47.34
683.2,277.0001,0,0,6,47.36
683.2,277.0001,0,0,6,47.38
683.2,277.0001,0,0,6,47.4
683.2,277.0001,0,0,6,47.42
683.2,277.0001,0,0,6,47.44
683.2,277.0001,0,0,6,47.46
683.2,277.0001,0,0,6,47.48
683.2,277.0001,0,0,6,47.5
683.2,277.0001,0,0,6,47.52
683.2,277.0001,0,0,6,47.54
683.2,277.0001,0,0,6,47.56
683.2,277.0001,0,0,6,47.58
683.2,277.0001,0,0,6,47.6
683.2,277.0001,0,0,6,47.62
683.2,277.0001,0,0,6,47.64
683.2,277.0001,0,0,6,47.66
683.2,277.0001,0,0,6,47.68
683.2,277.0001,0,0,6,47.7
683.2,277.0001,0,0,6,47.72
683.2,277.0001,0,0,6,47.74
683.2,277.0001,0,0,6,47.76
683.2,277.0001,0,0,6,47.78
683.2,277.0001,0,0,6,47.8
683.2,277.0001,0,0,6,47.82
683.2,277.0001,0,0,6,47.84
683.2,277.0001,0,0,6,47.86
683.2,277.0001,0,0,6,47.88
683.2,277.0001,0,0,6,47.9
683.2,277.0001,0,0,6,47.92
683.2,277.0001,0,0,6,47.94
683.2,277.0001,0,0,6,47.96
683.2,277.0001,0,0,6,47.98
683.2,277.0001,0,0,6,48
683.2,277.0001,0,0,6,48.02
683.2,277.0001,0,0,6,48.04
683.2,277.0001,0,0,6,48.06
683.2,277.0001,0,0,6,48.08
683.2,277.0001,0,0,6,48.1
683.2,277.0001,0,0,6,48.12
683.2,277.0001,0,0,6,48.14
683.2,277.0001,0,0,6,48.16
683.2,277.0001,0,0,6,48.18
683.2,277.0001,0,0,6,48.2
683.2,277.0001,0,0,6,48.22
683.2,277.0001,0,0,6,48.24
683.2,277.0001,0,0,6,48.26
683.2,277.0001,0,0,6,48.28
683.2,277.0001,0,0,6,48.3
683.2,277.0001,0,0,6,48.32
683.2,277.0001,0,0,6,48.34
683.2,277.0001,0,0,6,48.36
683.2,277.0001,0,0,6,48.38
683.2,277.0001,0,0,6,48.4
683.2,277.0001,0,0,6,48.42
683.2,277.0001,0,0,6,48.44
683.2,277.0001,0,0,6,48.46
683.2,277.0001,0,0,6,48.48
683.2,277.0001,0,0,6,48.5
683.2,277.0001,0,0,6,48.52
683.2,277.0001,0,0,6,48.54
683.2,277.0001,0,0,6,48.56
683.2,277.0001,0,0,6,48.58
683.2,277.0001,0,0,6,48.6
683.2,277.0001,0,0,6,48.62
683.2,277.0001,0,0,6,48.64
683.2,277.0001,0,0,6,48.66
683.2,277.0001,0,0,6,48.68
683.2,277.0001,0,0,6,48.7
683.2,277.0001,0,0,6,48.72
683.2,277.0001,0,0,6,48.74
683.2,277.0001,0,0,6,48.76
683.2,277.0001,0,0,6,48.78
683.2,277.0001,0,0,6,48.8
683.2,277.0001,0,0,6,48.82
-100,-100,-100,-100,-100,48.83784
683.2,277.0001,0,0,7,48.84
683.2,277.0001,0,0,7,48.86
683.2,277.0001,0,0,7,48.88
683.2,277.0001,0,0,7,48.9
683.2,277.0001,0,0,7,48.92
683.2,277.0001,0,0,7,48.94
683.2,277.0001,0,0,7,48.96
683.2,277.0001,0,0,7,48.98
683.2,277.0001,0,0,7,49
683.2,277.0001,0,0,7,49.02
683.2,277.0001,0,0,7,49.04
683.2,277.0001,0,0,7,49.06
683.2,277.0001,0,0,7,49.08
683.2,277.0001,0,0,7,49.1
683.2,277.0001,0,0,7,49.12
683.2,277.0001,0,0,7,49.14
683.2,277.0001,0,0,7,49.16
683.2,277.0001,0,0,7,49.18
683.2,277.0001,0,0,7,49.2
683.2,277.0001,0,0,7,49.22
683.2,277.0001,0,0,7,49.24
683.2,277.0001,0,0,7,49.26
683.2,277.0001,0,0,7,49.28
683.2,277.0001,0,0,7,49.3
683.2,277.0001,0,0,7,49.32
683.2,277.0001,0,0,7,49.34
683.2,277.0001,0,0,7,49.36
683.2,277.0001,0,0,7,49.38
-200,-200,-200,-200,-200,49.39608
683.2,277.0001,0,0,7,49.4
683.2,277.0001,0,0,7,49.42
683.2,277.0001,0,0,7,49.44
683.2,277.0001,0,0,7,49.46
683.2,277.0001,0,0,7,49.48
683.2,277.0001,0,0,7,49.5
683.2,277.0001,0,0,7,49.52
683.2,277.0001,0,0,7,49.54
683.2,277.0001,0,0,7,49.56
683.2,277.0001,0,0,7,49.58
683.2,277.0001,0,0,7,49.6
683.2,277.0001,0,0,7,49.62
683.2,277.0001,0,0,7,49.64
683.2,277.0001,0,0,7,49.66
683.2,277.0001,0,0,7,49.68
683.2,277.0001,0,0,7,49.7
683.2,277.0001,0,0,7,49.72
683.2,277.0001,0,0,7,49.74
683.2,277.0001,0,0,7,49.76
683.2,277.0001,0,0,7,49.78
683.2,277.0001,0,0,7,49.8
683.2,277.0001,0,0,7,49.82
683.2,277.0001,0,0,7,49.84
683.2,277.0001,0,0,7,49.86
683.2,277.0001,0,0,7,49.88
683.2,277.0001,0,0,7,49.9
683.2,277.0001,0,0,7,49.92
683.2,277.0001,0,0,7,49.94
683.2,277.0001,0,0,7,49.96
683.2,277.0001,0,0,7,49.98
683.2,277.0001,0,0,7,50
683.2,277.0001,0,0,7,50.02
683.2,277.0001,0,0,7,50.04
683.2,277.0001,0,0,7,50.06
683.2,277.0001,0,0,7,50.08
683.2,277.0001,0,0,7,50.1
683.2,277.0001,0,0,7,50.12
683.2,277.0001,0,0,7,50.14
683.2,277.0001,0,0,7,50.16
683.2,277.0001,0,0,7,50.18
683.2,277.0001,0,0,7,50.2
683.2,277.0001,0,0,7,50.22
683.2,277.0001,0,0,7,50.24
683.2,277.0001,0,0,7,50.26
683.2,277.0001,0,0,7,50.28
683.2,277.0001,0,0,7,50.3
683.2,277.0001,0,0,7,50.32
683.2,277.0001,0,0,7,50.34
683.2,277.0001,0,0,7,50.36
683.2,277.0001,0,0,7,50.38
683.2,277.0001,0,0,7,50.4
683.2,277.0001,0,0,7,50.42
683.2,277.0001,0,0,7,50.44
683.2,277.0001,0,0,7,50.46
683.2,277.0001,0,0,7,50.48
683.2,277.0001,0,0,7,50.5
683.2,277.0001,0,0,7,50.52
683.2,277.0001,0,0,7,50.54
683.2,277.0001,0,0,7,50.56
683.2,277.0001,0,0,7,50.58
683.2,277.0001,0,0,7,50.6
683.2,277.0001,0,0,7,50.62
683.2,277.0001,0,0,7,50.64
683.2,277.0001,0,0,7,50.66
683.2,277.0001,0,0,7,50.68
683.2,277.0001,0,0,7,50.7
683.2,277.0001,0,0,7,50.72
683.2,277.0001,0,0,7,50.74
683.2,277.0001,0,0,7,50.76
683.2,277.0001,0,0,7,50.78
683.2,277.0001,0,0,7,50.8
683.2,277.0001,0,0,7,50.82
683.2,277.0001,0,0,7,50.84
683.2,277.0001,0,0,7,50.86
683.2,277.0001,0,0,7,50.88
683.2,277.0001,0,0,7,50.9
683.2,277.0001,0,0,7,50.92
683.2,277.0001,0,0,7,50.94
683.2,277.0001,0,0,7,50.96
683.2,277.0001,0,0,7,50.98
683.2,277.0001,0,0,7,51
683.2,277.0001,0,0,7,51.02
683.2,277.0001,0,0,7,51.04
683.2,277.0001,0,0,7,51.06
683.2,277.0001,0,0,7,51.08
683.2,277.0001,0,0,7,51.1
683.2,277.0001,0,0,7,51.12
683.2,277.0001,0,0,7,51.14
683.2,277.0001,0,0,7,51.16
683.2,277.0001,0,0,7,51.18
683.2,277.0001,0,0,7,51.2
683.2,277.0001,0,0,7,51.22
683.2,277.0001,0,0,7,51.24
683.2,277.0001,0,0,7,51.26
683.2,277.0001,0,0,7,51.28
683.2,277.0001,0,0,7,51.3
683.2,277.0001,0,0,7,51.32
683.2,277.0001,0,0,7,51.34
683.2,277.0001,0,0,7,51.36
683.2,277.0001,0,0,7,51.38
683.2,277.0001,0,0,7,51.4
683.2,277.0001,0,0,7,51.42
683.2,277.0001,0,0,7,51.44
683.2,277.0001,0,0,7,51.46
683.2,277.0001,0,0,7,51.48
683.2,277.0001,0,0,7,51.5
683.2,277.0001,0,0,7,51.52
683.2,277.0001,0,0,7,51.54
683.2,277.0001,0,0,7,51.56
683.2,277.0001,0,0,7,51.58
-300,-300,-300,-300,-300,51.5967
683.2,277.0001,0,0,7,51.6
683.2,277.0001,0,0,7,51.62
683.2,277.0001,0,0,7,51.64
683.2,277.0001,0,0,7,51.66
683.2,277.0001,0,0,7,51.68
683.2,277.0001,0,0,7,51.7
683.2,277.0001,0,0,7,51.72
683.2,277.0001,0,0,7,51.74
683.2,277.0001,0,0,7,51.76
683.2,277.0001,0,0,7,51.78
683.2,277.0001,0,0,7,51.8
683.2,277.0001,0,0,7,51.82
683.2,277.0001,0,0,7,51.84
683.2,277.0001,0,0,7,51.86
683.2,277.0001,0,0,7,51.88
683.2,277.0001,0,0,7,51.9
683.2,277.0001,0,0,7,51.92
683.2,277.0001,0,0,7,51.94
683.2,277.0001,0,0,7,51.96
683.2,277.0001,0,0,7,51.98
683.2,277.0001,0,0,7,52
683.2,277.0001,0,0,7,52.02
683.2,277.0001,0,0,7,52.04
683.2,277.0001,0,0,7,52.06
683.2,277.0001,0,0,7,52.08
683.2,277.0001,0,0,7,52.1
-400,-400,-400,-400,-400,52.10189
